,博主昵称,微博内容,发布时间
6041,水泊松山,曹县出口棺木占日本市场90日本棺木的需求量这么大因为核废水吗,05月21日 02:16
9885,沉醉沉溺,抗议日本排核废水有没有谁组织抗议活动抗议日本此举损害环太平洋人民的生命财产健康,04月10日 19:41
5628,五十四岁离异带娃,这里是拆那拆那的营销号接什么立本公司的投稿二鬼子滚回去喝核废水还有那个刘字怎么给立本人系鞋带啊怎么也想当二鬼子滚回去喝核废水吗,05月19日 10:59
4795,绝对熬夜领域,最右核废水还没喝这智商就已经挺一言难尽了霓虹傻事_一言如此的难尽日本说计划排放的废水里只有氚其余放射物质会被过滤出来含氚的水被稀释后无害并且氚也会自然衰变12年13年就消失为什么就不能到时候来看结果非要现在这样吵呢既然就是蓄意想吵闹那人家现在说什么都没用,05月16日 08:24
7451,belllux,香港轉自香港同心總會仝心匯新冠病毒肆虐核廢水生態災難輻射變種病毒人類的未來會如何你能為地球做什麼未來由你來決定歡迎投稿到香港同心總會舉辦的第一屆同心中文寫作比賽全文O网页链接O我能為地球做什麼之我和地球有個約會,05月01日 10:39
515,淘宝c三哥在印度,瑞格非尼瑞戈非尼REGORAFENIB和索拉非尼的效果对比我国是世界上最大的肝癌发病国家每年新发病例超过了全球的一半还多在全部肝癌患者中早期肝癌患者的治疗手段多效果不错手术消融介导都很有效晚期肝癌的患者可应用的治疗方式很少药物经过批准的药物只有索拉非尼多吉美一种另有两三种还在试验的确定失败的有舒尼替尼sunitinib布立尼布brivanib厄洛替尼erlotinib等多个索拉非尼多吉美是一种靶向RAFVEGFPDGF和其他酪氨酸激酶的多激酶抑制剂在4月29日之前都是晚期肝癌唯一线标准治疗药物20072008年间在众多晚期肝癌Ⅲ期临床研究失败后SHARP研究提出的试验结果索拉非尼对比安慰剂治疗晚期肝癌中位总生存OS期延长28个月107vs79一项针对亚洲亚洲晚期肝癌患者服用索拉非尼后的研究表明其中位生存期从平均42个月延长到了65个月索拉非尼应用中的另一个主要挑战是平均应用176周大约4个月多一点的时间后就会失效换句话说就是4个月多些就耐药索拉非尼适应症肾癌肝癌甲状腺癌瑞格非尼Regorafenib也是一个多靶点的酪氨酸激酶的多激酶抑制剂作用靶点超过十个VEGFR1VEGFR2VEGFR3TIE1TIE2RAF1BRAFBRAFV600KITRETPDGFRFGFR等等瑞格非尼在针对使用索拉非尼多吉美耐药后的肝癌患者试验中显著改善了晚期肝癌患者的总生存期HR063中位OS为106个月优于安慰剂组的78个月中位无进展生存PFS期瑞格非尼组为31个月还是很容易耐药的从生存期对比从结果看好像瑞格非尼和索拉非尼的效果差不多但是必须要强调下这个试验是在索拉非尼耐药后获得的也就是说二线达到了一线的水平是比较大的进步了瑞格非尼适应症结直肠癌胃肠道间质瘤肝癌瑞格非尼治疗的不良事件与索拉非尼多吉美相似但更需要密切监测索拉非尼多吉美的皮肤不良事件与患者预后较好有关而瑞格非尼还有待观察且这两种药物同样存在的问题易耐药从数据上看分析患者先用索拉非尼多吉美再服用瑞格非尼在一年内都可能出现耐药问题按照最新的这个用药顺序向肝癌索拉非尼耐药并符合的患者提供纳武单抗在此可能要先考虑瑞格非尼的使用再之后PD1免疫抑制剂纳武单抗Opdivo几乎就是唯一可选药物了日本核废水入海对中国有何影响印度特瑞收起全文d,05月06日 23:30
7995,维里蒂斯,任豪没有人比R1SE更爱R1SE退圈吧去喝核废水吧httptcnR2Wx0ui,05月02日 22:26
7940,半条芩,任豪没有人比R1SE更爱R1SE没有人比任豪更懂核废水处理,05月02日 22:38
6904,我就是大宝呢,日本副首相称喝处理核废水没事自己先喝个几吨净脱裤子不放p,04月20日 23:51
3215,金丝狸猫京剧乐园,外媒对中国环保指手画脚后环保少女喊话中国要改变此前在日本核废水议题上沉默快手快手女巫妖怪L新华每日电讯的快手视频,05月12日 13:45
8049,风行gary,任豪没有人比R1SE更爱R1SE怎么着家乡的核废水喝完了开始洗白了任桑,05月02日 22:17
10124,carlvinson金牛,核废水让兲蝗先喝,04月10日 16:04
2474,三哥在印度微信kk600167,特瑞普利单抗在草地上陪伴着她的少年是童年梦境中的虚像这一刻雾散开梦醒来她面前的人不是在树下睡觉莲池边偷酒喝的寻常少年他是流昔纵横此界的传奇极元境界的师祖她应恭敬礼拜的存在恩美曲妥珠单抗特瑞普利单抗曲妥珠单抗赫赛汀雷莫卢单抗西妥昔单微风_offline抗阿达木单抗注射液修美乐利妥昔单抗贝伐珠单抗博纳吐单抗雷莫芦单抗达雷妥尤单抗阿特珠单抗T药伊匹单抗信迪利单抗注射液达伯舒艾瑞卡卡瑞珠单抗替雷利珠单抗百泽安阿替利珠单抗泰圣奇帕妥珠单抗帕捷特雷珠单抗诺适得贝伐珠单抗注射液安维汀利妥西单抗注射液美罗华印度特瑞东奕撇嘴拉倒吧大师伯那叫沉稳师兄你虽然是他的徒弟但真没继承他老人家这一点日本核废水入海对中国有何影响收起全文d,05月10日 14:42
5470,弱者为何要战斗之奇迹跳跃,这都是什么核废水时代产物我被哈哭了,05月18日 11:30
2537,来游来歌以矢其音,草跳投之王安东尼弄得我以为日本核废水是女权拉的,05月10日 11:37
3451,再见我是外星人,目前唯一能令我原谅谏山创的方法就是他把核废水都喝掉重画已经没用了这玩意给我的伤害太大除非能修改我的记忆,05月12日 02:19
3339,77只想咸鱼,谏山创不懂就问谏山创是核废水实验志愿者吗是喝了核废水变质了吧这结局不像是阳间人能想到的样子,05月12日 09:58
8744,发呆是我的生活态度,所以你排核废水是打算以毒攻毒呢,05月03日 21:55
4922,vvmwmvv,能挡住核废水吗,05月17日 21:22
4167,普通人拖肥_二周目,梓殒不是我杞人忧天赶紧监控附近海域海水放射性元素含量这特么别到时候说核废水震漏了妈的正中下怀,05月14日 09:04
4907,古赵情长,日本排放核废水喝了会变异美国禁止进口环保少女狂买包日本排放核废水L古赵情长的微博视频,05月17日 21:55
2697,这得有多大仇,菲特泰斯塔羅莎我们的火箭掉水里就危害全球他们的核废水就安全环保日本傻事目前日本雅虎新闻首页的新闻底下的评论第一条43万赞_查看图片日本傻事大部分残骸竟然大气层里销毁了剩余也掉海里了真太可惜了没有砸到这些造谣的欧美和日本人头,05月10日 00:16
5812,原老未,其实按说应该呼吁保护地球环境的不是我这种决定不生娃的而是那些有孩子的或之后可能决定要孩子的因为你们的孩子才是要面对海鲜里都是塑料颗粒核废水海洋地下水水源被污染的人只言片语,05月20日 12:39
3204,kono_jiojio哒,新闻评论老师指着某同学写的关于rh核废水的新闻评论说这个题材你把它取名叫国家底线不可亵渎是不合适的我们来看看这个人他真的亵渎国家底线了吗没有这只是小学生行为幼儿园行为只能说明这个人没有脑壳而已露出义愤填膺的表情我跟舍友在下面笑得想死,05月12日 14:30
8775,夏夜的那阵风,东京饮用水致癌物严重超标我觉得问题不大改喝治理过的核废水不就行了吗之前不是还说可以饮用吗,05月03日 21:38
4114,AlvaCC_慢慢的爱,当地百姓希望没事另外地震了核废会不会借此机会就大模大样的排了还有之前所谓的低辐射废水优先排多半也已经排了还有最近澳大利亚和法国到底在做什么幺蛾子以及加拿大这边都要密切关注,05月14日 10:35
5490,高5590486371,如果日本真的把137万吨核废水排入大海会怎么样十年创富路快手知识市集超级投资家快手快手L华华财商的快手视频,05月18日 09:32
3547,母鸡啊我,尹浩宇生图今天的尹浩宇冲镜头笑了一下我的眼泪瞬间如同一江春水从北京永定河浩浩荡荡地流淌到珠江三角洲汇入太平洋稀释了日本核废水有效地缓解了沿岸水质富营养化的生态问题北冰洋的浮冰被冲到一起结成一片冰原为北极熊海豹抹香鲸等等等开辟了更广阔的栖息地我曾单纯的觉得尹浩宇可以增进中泰友谊促进一带一路以及亚洲经济圈的发展进程现在想想他远不止如此他的存在甚至推进了全球生态可持续发展为地球上的所有生命带去了新的生机收起全文d,05月13日 21:52
300,砺沙下沉,既然你祝我去站台当季女那我就祝你每天喝一杯核废水吧,05月05日 12:25
9513,-阿酌-,真的笑了一整天哈哈哈哈哈哈簟画艹阿芷今天光合作用了吗从08年开始等的凯尔希黑潮之下就是tmd核废水北斗星空leaf这白开水怎么没味儿为斯卡蒂献出心脏我永远喜欢森蚺两面包夹芝士,05月04日 16:56
10127,十八子金名,日本政府基本决定将福岛核污水排入大海海产品很有可能不能吃了福岛核电站现在成了核污水生产厂估计未来几十年上百年持续生产核辐射水日本政府不顾世界各国和国际组织的阻拦和劝告执意于4月13日召开内阁会议讨论和决定将福岛核污水排入大海这事基本板上钉钉因为没有更好的办法数年前的核事故造成大量的放射性物质泄漏现在直接将核废水排入太平洋地球物理环境海洋生物乃至人类的食品生存安全受到了严重威胁以后谁还敢买数以万计的海洋鱼类贝类海藻海盐等等美味的食品v光新星收起全文d,04月10日 16:00
2398,看台海,谢长廷自称遭霸凌台民众大骂猪狗不如民进党当局驻日代表谢长廷妄称台湾排核废水入海一事在岛内持续延烧国民党要求谢长廷返台说明不过谢长廷则以防疫为重为由拒绝返回台湾出席答询近日谢长廷更批评国民党一下要撤他职一下要他回来根本就是霸凌俨然一副自己才是受害者的丑恶嘴脸谢长廷究竟愿不愿意返台解释质询他是否是在拿疫情当作挡箭牌岛内有媒体进行街头民调询问民众的看法不少民众纷纷开骂并认为谢长廷根本不会想要回来台湾有受访民众直言他谢长廷本身就是一向都是听日本那边的叫他爬回来爬回来滚回台湾来叫他下台更有民众大骂谢长廷猪狗不如下一次选举要把民进党赶下来L看台海的微博视频收起全文d,05月10日 19:00
4338,符良英1991,坚决反对日本政府把核废水倒入海洋爱护地球人人有责保护环境人人有责,05月15日 21:46
2294,核桃麦芽糖,人形苍蝇幼虫黑太监僵尸满谈判就是个幌子无论答不答应条件日本都会继续排核废水区别只在于偷偷排还是公开排而已谈判不会有结果从日本附近海洋发现核辐射变异海洋鱼类就知道日本偷排很久了,05月09日 18:13
3517,云木纪,倾倒核废水全人类的灾难最近日本决定倾倒核废水的事件频频上热搜这件事非同小可且关乎你我那么日本倾倒核废水事件究竟有什么样的危害呢第一此次倾倒的核废水总量巨大且其在十年后就会以各种方式扩散至全球对全球生物环境等会造成极其深远的影响第二核废水中的某些原子同位素衰变过程需要数万甚至几十万年所以此次倾倒事件影响时间极其久远第三核废水对地球环境人类健康等都将产生重大影响人体致癌发生病变婴儿至畸等等都绝有可能发生核废水的危害绝不是三言两语就能概括的希望世人都拥有良知不要让我们的后代三头六臂都成为常态图源央视新闻侵删收起全文d,05月13日 23:06
854,戀上赤道的北極2019,显然这条微博也非他本人意愿鬼子在你家门口拉了坨你有大局观你有道德心你呼吁着亲朋好友去帮着舔干净你真棒蠢货它是可以不将核废水倒进海里的它是有能力妥善处理的只是它不愿意付出相应的代价拉着全世界买单把脑子捐了吧留着也没用,05月06日 09:58
9558,漠宏庵,东京饮用水致癌物严重超标至今日本13个都府县的37处饮用水源都存在氟化物超过日本国家标准的情况历史上日本曾遭到美国核武器打击加上福岛核电站引发的核事故等因素可以说日本饱受核污染困扰据此证明日本比世界上其它地方的人更知道环境保护的重要性切不可昧着良心往大海排放核废水祸害全人类子孙L小央视频的微博视频收起全文d,05月04日 15:16
4483,茶馆论道,韩国渔民要求日本每天赔偿一千万韩元韩国两家渔业协会对日本政府和东京电力公司提起诉讼要求日本方面提供每天1000万韩元约合人民币57万元的赔偿一个月前日本政府正式决定福岛核废水排海并在昨日决定将从2023年开始执行引起日本国内外民众的强烈不满LCGTN记者团的微博视频,05月15日 12:30
5675,Conquerq8,日本排放核污染废水的时候环境保护组织消失了现在巴以事件人权组织也消失了,05月19日 00:50
7755,浪费光阴的梭子,日本跟美国马上就要实现世界出现丧尸的理论了核废水外加研究生化实验,05月02日 23:23
2247,花花花花花lala,日本东电核废水马上就来,05月09日 19:15
7918,与辰共勉,任豪没有人比R1SE更爱R1SE你多喝几吨日本辅导核电站的废水吧没人愿意鸟你的抄袭,05月02日 22:42
5649,辅酶格格,哎呀有些核废水喝多的人果然不知好歹呢我还帮他们做数据迁坟呢火气这么大不如来杯,05月19日 08:50
4894,细幺幺C,看到日本和印度就头疼日本政府正式决定福岛核废水排海恒河不断出现疑似病患浮尸,05月17日 22:28
8223,岁岁无忧201912,任豪没有人比R1SE更爱R1SE任桑这么爱她的话怎么次次搞事整了她一次又一次呢话说任桑太君还没去日本喝核废水啊,05月02日 21:55
1296,殷志源的微博朋友,我好难过自从本子国被曝光偷排核废水我就开始寻找珂润的替代贵的买不起便宜的不敢用唯有珂润面霜是我的爱,05月07日 10:40
5921,社会你珊哥哥,前不久日本宣布要把福岛核废水排入太平洋那将会是全球危机L社会你珊哥哥的微博视频,05月21日 20:28
10113,神工场,中国人吃点肉有点雾霾都逼逼对日本核泄漏排放核废水倒是挺宽松,04月10日 16:12
5804,楠竹一,军事分享官楠竹一微博公开课菅义伟为何急着排核污入海背后原因终于曝光实在太可怕了日本福岛核电站储存核废水的旧式储罐由于地震频发外加罐体老化出现了漏水的现象而这些泄露的核废水中检出了铯137在内的大量放射性物质菅义伟为何着急排放核废水日本不惜得罪全球也要排放核污水入海背后原因终于曝光实在太可怕了O菅义伟为何急着排核污入海背后原因终于曝光实在太可怕了收起全文d,05月20日 13:41
120,13none,说起来今年前脚日本说要排放核废水后脚就出尼尔重置怕不是在暗讽什么,05月05日 19:35
6951,GGAD结婚证本证,冥王星1974同样因为钱的问题本来核事故废水可以用pe桶存80年再处理达标排放核电站周边空地有的是但要2亿美元政府就决定直排但同时可以一次次拔款修复因核事故损害的日本政府世界形象,04月23日 23:58
8283,美女有优先权,任豪没有人比R1SE更爱R1SE本灰尘想问任豪太君核废水喝完了吗,05月02日 21:43
9464,后青春的草,余景天再向粉丝鞠躬不退赛也行首先得断绝跟它们的关系再来就是抛弃一切它们给你以及以后给你的东西再把自己的赚的东西捐给社会以此来赎你父母欠下的孽债能做到吗舍得吗鞠个躬算个什么日本鬼子倒核废水道个歉就了事,05月04日 18:41
7668,桶外瑞茶,任豪没有人比R1SE更爱R1SExsl没有人比你更爱喝核废水,05月02日 23:43
7727,浅识兰陵,这个评论居然不让赞RoyalNGiveUp在核废水什么时候喝,05月02日 23:30
4647,屿麓_Yl,艾伦耶格尔谏山创偷喝核废水了吗想出这破烂剧情,05月16日 22:44
1016,格大格的闲居日常,是中国人却不懂中国比精日不懂日语很可Xps希望图三懂得日本文明的博主依靠日本排队文明喝核废水吃核变异鱼类为生边晨子草希望索任合资距离指学不会语言产生美土豆音piko看到王志安忍不住赶来嘲笑非裔欧洲人LOLICON白石再一次印证精日不会日语,05月07日 20:34
6737,上山夏海,日本这次核废水排污实在是人类的耻辱显然他们已经不在乎自己民族的声誉与未来但对于其他尤其是相邻国家人民是灾难啊喜欢吃海产品的现在多吃吧今后还是要少吃些插图和本文无关2北京国英园,04月11日 17:35
3781,椰咖伴酒,纸吸管真的很环保在我嘴里就降解了核废水就直接倒海里了但吸管这趴必须要环保,05月13日 10:19
725,爱喝娃哈哈的崽崽,任豪和老舅妈核废水喝完了吗要点逼脸吧老舅可是大水王谁能有他会游泳,05月06日 15:09
2922,你最甜啦44,普纳替尼ponaxen柳余转头看向窗外石雕像身上的圣光也一同消失了非那雄胺注意事项1使用非那雄胺片期间如出现任何不良反应请咨询医生2同时使用其他药品请告知医生请放置于儿童不能触及的地方3使用非那雄胺片前应除外和良性前列腺增生类似的其他疾病如感染前列腺癌尿道狭窄膀胱低张力神经源性紊乱等4非那雄胺主要在肝脏代谢肝功能不全者慎用5女性和未成年男性禁止服用印度特瑞卡洛王子又敲了敲门日本核废水入海对中国有何影响收起全文d,05月11日 14:28
2546,Muci-880818,xs是喝干净核废水也变异不成的程度地瓜瓜瓜瓜瓜瓜瓜瓜瓜啊这得受了什么辐射啊我的天乌裳待雨不合适不合适吴亦凡的长相得基因变异成什么样才能生出哈人啊,05月10日 11:16
2985,Ludians_98039,这两天一直在想视频中主人公展现出的对地球上所有物种的关怀和包容对环境污染的深痛恶绝有些人说他是位卑不敢忘忧国但其实他是位卑而心系地球万物他的胸怀更加宽广这些天不断有关于动物的新闻报道先是日本排放核废水再是东北的完达山杭州的豹豹们还有今天农业部要迁徙长江江豚的决定也许尊重动物的生存的权利对人类来说太难了清流们你们将要去向何方收起全文d,05月11日 11:27
3613,豆浆麻球糯米饭,渔人舟行那瓜娃子就是一工具乌合麒麟任何世界性质的环保机构只要是对日本核废水不闻不问却跑来指责中国环保问题的都是打压中国的政治工具当放屁就行伊榭尓伦的风2021叫她们少女真是侮辱少女这个词了私欲乱人心147日本排放核污水默默转发中国植树造林老子我重拳出击,05月13日 17:52
5148,你付出的1021片星辰,谁说的gck你来替我喝核废水,05月17日 13:52
7886,穷图未日阿拉SO,任豪没有人比R1SE更爱R1SE带大家复习下豪桑战绩①疫情时爱情都轮不到我还要肺炎也轮到我切②对医护人员点蜡③带着女主密室逃脱④被抖音网红锤了海王骗炮用假名⑤rap抄袭⑦核废水没有人比任太君更懂塌房全方位多角度ipad养乐多雪碧,05月02日 22:48
4325,张钰琨love,不要把废水倒海里这是个一起完蛋的事情先把核反应堆停下来废水先放着听我的没错的,05月15日 22:35
703,却见山河,工藤静香给木村拓哉买冰淇淋核废水还没整明白一天到晚送日本人上热搜狗粮到位了又开始文宣了,05月06日 15:31
4006,MMMoodRing,不注射核废水算良心了还要什么自行车,05月14日 15:31
7072,用户7602699097,白月光与朱砂痣日本核废水版UP主歌词改编大神bilibiliO网页链接,05月01日 23:25
4198,海菜花花,联合国不值得信任的日本核废水排放决定,05月14日 07:41
3021,蔡博钧,侯宁和他吵跌份我因中医药和他吵过后悔死了原来是这么个玩意乔木DC他在推特上骂了我一年我都忍了最近他说核废水无害说我造谣还说赵立坚传我造的谣我得回击呀可我土博士比不过他洋博士陕北口音不如福建口音洋气头发也没他多老婆也不如她老婆会抄袭只好拿英语,05月11日 09:44
8992,延启啟啓,笑得想死人工智能箱听到妈了个b站我的笑点已经全线崩溃帕秋莉不要了的破旧笔记_PaQ核废水他的酒里掺了核废水废络达救救蒂蒂溪涧殇笑死我了丿乛冂十二了一oceancat给我笑吐了阳台花枝丸我把今年的份都笑完了好白的尤莉急性源石病发病现场p2看完笑一下午,05月03日 18:32
3389,FeaturingSnowy_,谏山创进击的巨人喝多核废水脑子变异了用直肠画的漫画吧新冠病毒就是你亲爹不然你早就被暗杀千万次了我用脚趾画的都比你有逻辑奥每次在热搜上看到你只觉得晦气,05月12日 09:10
3773,北海飞渔,总体来看新冠疫情奥运预选核废水入海全球经济处于复苏中等会加剧短期市场的震荡叠加窗口期期间市场大概率维持弱势震荡在昨日权重板块集体走弱之后很难立马扭转格局需要等待左侧交易情绪释放殆尽多点耐心,05月13日 10:44
5644,扎西德勒·天珠收藏,巴以冲突日本排放核污染废水的时候环境保护组织消失了现在巴以冲突人权组织也消失了他妈了个巴子的美国就是个笑话,05月19日 09:08
2405,昭華_YY,小菊花搞不搞奥运我一点都不关心只是希望我们国家的运动员不要参加这个新冠核废水土地只适合奥特曼和哥斯拉,05月10日 18:24
5700,·没有零用钱_,黄锐我真想把你麻妈逼的炸了让你去喝日本核废水,05月20日 22:01
2347,涂委玮,凡事都有一个临界点即转变点日本单方面决定核废水排入海是因为想不劳而获想省钱想走捷径虽然这维护的是日本近利但也会害不少日本人好比菅义伟目光短浅伤害了大家的共利是会受惩罚的,05月10日 22:02
1321,tata890,美味海鲜如果日本鬼子核污染废水排放这就只能是回忆了海鲜变成啥样不得知了珍惜吧,05月07日 08:27
9840,大雕东飞钓鱼岛,日本政府基本决定将福岛核污水排入大海日本有战略石油储备54亿桶7400万吨区区120万吨的废水如果真的想存起来根本不存在什么难题解决不了这是日本文化的缺陷日本制度的缺陷,04月10日 20:13
894,二次创作,被核废水污染后的三文鱼L奇贱哥的微博视频,05月06日 08:00
8305,漠宏庵,江苏14级大风环境引发的自然灾害频发让人再次担心起世界环境问比如美国这些年来偷偷丢弃在海洋中的剧毒桶已经发现几万个再就是日本政府欲将核废水排入大海美日常常标榜自己嘴上说一套整天指责要求别人自己却暗地里道德伦理丧失殆尽美国必须就海洋环境污染要给出一个说法,05月02日 21:12
7180,哈衣地888真尚素,无语一个养病毒一个投核废水,05月01日 18:53
5093,芒果寒霜冰,答案贴脸上都能抄出个0分小太刀这剧场版做的没喝十年核废水绝对做不出这样的动画,05月17日 16:56
9207,怡然明媚99,危害世界战略安全与军控在线日本福岛核废水中不仅含氚而且还含62种金属放射性同位素它们存在时间长有化学毒性此外废水中的碳14半衰期为5700年历史上从未有如此大量的放射性核素排放到海洋里去它对海洋环境及生物链带来的影响难以预料转起,05月03日 11:27
6,用户7582634678,发布了头条文章唐盈APP财富增长分享会王宗合机构通道被骗不能出金内幕日本政府正式决定福岛核废水排海O唐盈APP财富增长分享会王宗合机构通道被骗不能出金内幕,05月05日 23:45
5086,Aeeeeeup,力丸什么时候有舞台啊萎了只想看宝贝的舞台啊做榜单都没动力了饭圈p事儿真多赛时二鬼子喝核废水赛后艹团魂,05月17日 17:14
8910,看看你爱笑的眼睛,谢娜晒自己做的家常菜恶意真大核废水喝多了2无锡,05月03日 20:38
3924,菝葜小灯泡,天天小三论真的累了THEREMIN河沟要是太闲可以去帮日本解决核废水的问题一举消灭地球母亲身上的两个毒瘤,05月14日 20:02
9073,又红又专田小平,一个BCI一个核废水真的是没有心情买优衣库了,05月03日 15:31
9993,小舢板啊划啊划,日本政府基本决定将福岛核污水排入大海日本核废水的热搜这么快就降下去了花了多少钱啊,04月10日 18:09
234,天芳烨檀90539,讽刺倾倒核废水事件Countryhumans,05月05日 14:47
9230,尺玉啵啵茶Seven,日本排放核废水的时候谴责日本自私有小节无大义没有人道主义印度疫情爆发怎么就开始捡乐了呢不提国际主义了也不提人类命运共同体了印度环境不好管理不善穷人多很多人因为疫情没工作没收入大量的人去翻垃圾堆捡垃圾吃政治冲突和普通人民受难是两回事吧综上日本政府辣鸡印度政府辣鸡沈逸辣鸡收起全文d,05月03日 11:01
6242,九天炫君,日本如果真的将核废水直接排入海洋海产品还能吃吗新浪财经O日本如果真的将核废水直接排入海洋海产品还能吃吗,04月11日 22:16
4004,元元尼,中午好今日每日一善一问歪屁股哇唧唧哇昨晚自砍一半的屁股今天接上了吗二问INTO1官博今天有没有为人民服务痛饮核废水三问哇唧唧哇今天倒闭了吗,05月14日 15:36
18,王yichuan,发布了头条文章中信易投龙潭会潜龙杯私募比赛徐刚股票打新骗局维权可追回本金日本政府正式决定福岛核废水排海O中信易投龙潭会潜龙杯私募比赛徐刚股票打新骗局维权可追回本金,05月05日 23:16
7002,白井紘,请近田力丸粉丝道歉有你们这群粉他这是倒了八辈子血霉吧拿仇恨固粉这真的不是在养蛊骂核废水谁想出来的啊这么快就把你正主国籍开除可真行,04月26日 23:45
2647,橄榄油烤羊肉,恒河水vs核废水决战紫禁之巅回忆专用小马甲行行吧M大王叫我来巡山好一个双向奔赴真十内只要胆子大朝辞夏双向奔赴感人啊,05月10日 05:03
7542,周書嫻,日本核废水印度的惨烈疫情国内教育内卷工作加班常态化无论是平时生活还是旅行憧憬曾有的想象不知何时能实现种族幸运生于地球个人幸运生于现代希望有生之年能感受想感受的一切希望及时遇上一切归于平静的转折,05月01日 08:01
1364,开心快乐是福龙哥专利,龙哥说放她娘的狗臭屁日本往大海排放核废水的时候你丫的为啥装死看不见你丫的眼瞎了,05月08日 23:55
5853,星雨物语mzl,日本倒核废水她装死提到中国倒支棱起来了O日本倒核废水她装死提到中国倒支棱起来了,05月20日 10:09
7720,qilin2333333,任豪没有人比R1SE更爱R1SE建议他和他的粉丝早日喝光核废水,05月02日 23:32
7040,环游在水星,啧啧啧无意进了你微博脏了我的眼天天艾特人骂街尽显你素质丢人呢这是腿嬷嬷今天暴毙了吗右边这位是核废水喝多了屁股和脑袋长反了吗环游在水星哈哈哈哈哈哈网王早都变群像了哪个叫得出姓名的选手不是王子哇还小王子,04月29日 23:57
8148,张慧猫腻,Nuking_2018他还没去日本帮忙解决核废水啊在大陆混个啥啊,05月02日 22:06
8553,想吃猫猫条,但是那个up为什么喝醉了还在担心核废水啊我真的是我对醉酒的人太没有了解了吗,05月03日 23:46
9105,_缈云声,第五瓜格TMD烦死了有没有能正常看比赛的直播间了al凭实力堂堂正正赢的gr怎么就成了不堪入目还硬cue核废水别骂了别骂了我就一个赛事粉我只想安安静静看个比赛而已杠我就别回我了怕了怕了,05月03日 14:39
3326,游于夜寒时,谏山创捏妈的幸好最终季没看完谏山创一生喝核废水,05月12日 10:06
5343,谷红侠2580,丫头睡觉前又拉着我说她最近有些焦虑我说她是因为最近学习没有把握所以焦虑她说不一定也可能是全球变暖日本核废水啥的我说不可能那些事情你可能会焦虑但是这种焦虑不会影响你的生活目前能影响你生活的焦虑只有学习成绩所以如果焦虑你就看书绝对治疗你的焦虑丫头听完默默睡了做个妈妈真的是得全能的2西安收起全文d,05月18日 23:26
2316,我是航天老兵,日本排百万吨核污水咋处理俄专家给出答案菅义伟吓得脸色苍白23小时前水镜晓先生YaaO3J3图为福岛核电站图为核武器爆炸而对于日本来说这或许是一个可以接受的方案将核废水与反应对直接封存在2千米以下的地下与地面隔绝而核武器爆炸产生的强烈中子流很可能加速反应堆的反应过程大大减少反应堆与废水当中放射性物质的半衰期但从政治与情感方面来说日本接受这一方案的可能性并不大毕竟日本是唯一一个接受过核武器轰炸的国家而接受这一方案意味着日本又要被核武器炸一遍恐怕菅义伟是很难同意的收起全文d,05月10日 23:18
2149,白桃汽水小熊饼干泡泡,xlei74然后一起喝核废水,05月09日 22:39
5333,陷在馅儿里,印官方首次承认恒河浮尸有新冠死者救命核废水新冠病毒,05月17日 00:09
9720,mj微风,日本政府基本决定将福岛核污水排入大海如果菅义伟喝一口倒入核废水后的海水你还反对吗,04月10日 22:36
2860,愤怒的石头_99939,没有观众的奥运会搞不好还要赔国际奥委会的钱又搭上疫情的高峰期昭華_YY小菊花搞不搞奥运我一点都不关心只是希望我们国家的运动员不要参加这个新冠核废水土地只适合奥特曼和哥斯拉,05月11日 16:30
9986,梁溪是我家,日本要把福岛核电站的核污染废水排放到大海这个民族疯了哈哈哈,04月10日 18:16
5238,有录网--纽卡斯尔,太无耻了吧这就是在慢性毒害全世界人民福岛核电站储水罐已多次泄漏日本政府正式决定福岛核废水排海,05月17日 08:04
216,dghyrfhjiibvd,本子绝了他们全国靠海吃海看到福岛核废水往海里排他们没意见中国这边画个图嘲讽本子排核废水本子全国人民都疯了疯狂diss中国污蔑造谣活该他们吃核辐射食品,05月05日 15:16
9317,没耳朵的大图图,舔狗日记宝不要再当海王了日本要排核废水了我担心你,05月04日 23:11
7485,驀然回首的小窝,小妹的新作我和地球有個約會請大家多多指教新冠病毒肆虐核廢水生態災難輻射變種病毒人類的未來會如何你能為地球做什麼未來由你來決定,05月01日 10:00
9604,17239y,事情简单的经过是以为刀塔在参加朋友的酒会后在无意识的情况氪了一个月生活费的金抽蒂蒂并且途中不忘担忧日本国政府排放核废水的反人类行径呼吁全球的人们联合起来也希望舟游的制作人能帮大家出口恶气救救自己最爱的蒂蒂并且尝试购买去东京呼吁日本年轻人联合的机票未果后购买了去北京和南京的机票并收好了行李另因为游戏看板的角色会定时说固定台词莫名的接上了流畅的进行了对话实属现实魔幻收起全文d,05月04日 14:08
8922,涯木Aria_,我睡着了但是没完全睡着阿芷今天光合作用了吗从08年开始等的凯尔希黑潮之下就是tmd核废水北斗星空leaf这白开水怎么没味儿为斯卡蒂献出心脏我永远喜欢森蚺两面包夹芝士,05月03日 20:23
2604,伊柔甜良姗语诗包兜逗曲奇,为转移核废水话题注意力演好多天戏,05月10日 09:08
840,雪中梅海,哲镛用硬盘书拉瓦铀1959年731头目石井四郎在美国保护下寿终正寝1967年美军在越南撒下6700万升橙剂导致50多万畸形儿祸及200多万平民2003年美军入侵伊拉克八年时间杀死伊拉克平民6万人没找到传说中的大规模杀伤性武器2021年日本向太平洋排放核废水美国同意,05月06日 10:53
529,田院长的围脖,所以美国对日本排核废水无异议甚至赞赏了,05月06日 23:09
10304,谭浩俊微财经,日本决定核污水排入大海中方回应日本这是细菌战没玩够想玩核污水战啊日本政府应当秉持对本国国民周边国家以及国际社会高度负责任的态度深入评估福岛核电站含氚废水处理方案可能带来的影响主动及时地以严格准确公开透明的方式披露信息在与周边国家充分协商的基础上慎重决策有一个常识必须清楚那就是日本人表面上点头哈腰一副谦卑和善的样子暗地里却是什么坏事都做得出南京大屠杀实行三光政策发动细菌战等等现在可好又要把核污水排入大海污染海域环境如此一来日本的生鱼片等还能吃吗海水的清洁度还有吗日本及周边国家的渔民还能生存吗如果说美国是一个自私自利的国家的话日本绝对不亚于美国甚至有过之而无不及在这样的情况下包括中国在内的所有日本周边国家以及国际环保组织都要严厉制止日本的这种行为特别是美国不是一直自称世界老大吗应该发声了不要从老大变成老大妈啊如果面对这样的事美国都不发声以后也就不要对其他事指手画脚逼逼叨叨了收起全文d,04月10日 14:13
4072,仿生人会梦见美容美发吗,泪水直接净化核废水,05月14日 12:07
1887,暂时不变的amon,核废水牛尿,05月09日 14:31
7308,不省喵事,这样不靠谱的日本天天用一个画出来的alps说处理水blabla只有精日孝子敢信孤烟暮蝉日本傻事你们要知道日本在8年前的2013还用挖坑加三层防水布放核废水的会不会笑出眼泪啦然后结果被发现泄漏查看图片善良的囧囧神钢铁集装箱当初就应该灌铅密封的,05月01日 13:25
10006,后生儿的榔头3号,核废水美国也逃不掉,04月10日 17:53
6724,老幻想家,决定了赶紧吃海鲜核废水就快到了朋友们吃一顿海鲜最好的时间是十年前和现在,04月11日 17:44
10391,除草才能长得更好,子乾日本140万吨核污水将排入公海核废料处理方式仍是世界难题2011年3月11日日本东北方向太平洋近海发生90级大地震并引发40米高海啸位于福岛区的核电站遭到破坏核电站设施因地震大规模损坏图1反应堆因故障而过热随后日本正负决定引入海水冷却虽然危机解决了但是有超过100万吨的海水因为直接接触了反应堆而带有放射性变成核污水核电站的基本原理是通过核裂变释放核能产生大量热能高压下的循环冷却水把热能带出在蒸汽发生器内生成蒸汽推动发电机旋转从而产生电能图2铀235是常见的核燃料1吨铀235全部裂变产生的能量约等于240万吨标准煤燃烧时放出能量核燃料以及核反应之后的核废料往往是不稳定的具有放射性放射性是指某些元素的原子核会发生衰变比如常见的α衰变贝塔衰变以及伽马衰变图3不同的衰变类型放射出的粒子类型不同但是其能量却往往很高这些高能射线很容易摧毁人体细胞内的DNA等结构导致细胞异常甚至引起癌变等不稳定元素是否发生衰变是一种量子行为有明确的概率但是在某一瞬间是否发生衰变是不确定的当有大量的放射性元素堆在一起时整体的衰变行为就很明确衰变的元素数量跟元素总数量成正比总数越多衰变的也就越多随着时间的流逝放射性元素越来越少发射程度也降低当剩余的数量为初始总数量的一般所经历的时间叫做半衰期半衰期是一个元素衰变快慢的重要标准图4不同元素的半衰期差得很多医用放射性物质或工业放射性物质的半衰期从几个小时到几年不等但是核电站产生的核废料其半衰期从几万年如钚239半衰期长达24万年到几十亿年如铀238其半衰期长达44亿5千万年不等处理核废料一直是个世界难题对于不同的核废料也有不同的处理措施比如将核废料封存后埋入地下但是这种方法在超过100年后容器容易经受不住辐射而爆裂而且这种方法对地质运动有很高的要求但是不管怎么说将140万吨核废水排入公海是非常不负责任的做法O腾讯新闻热推收起全文d,04月10日 12:51
7369,共同煮意,一段乱入对话将就着看吧外景上海外滩外白渡桥上世纪30年代清晨江风吹动衣衫飘动三男人并肩而立神情凝重望着奔流不息的江水居左许文强重塑自我很难吗居右丁力我们现如今这样用难来形容似乎美好了些居中我既是乱入所以居中切勿苛责想起了一个小心肝的日记原创不如哥仨化成一滩水与太平洋融为一体吧许丁同声激动状那跟福岛核废水排入太平洋有什么区别污染了太平洋以后还能不能愉快地吃翻车烤鱼了我这事儿我N年前下了莫大决心开博聊天时就考虑过确实不妥许丁同声那怎么办我不如哥仨去抓一把黄浦江上的风吧许丁如何我抱着哭啊外景哥仨站在黄浦江边沉默远方传来隆隆的枪炮声东方的鱼肚白渐渐清晰淡出真蕊宁奇怪为毛说真难道还有假的式旁白同时响起这并不是一部英雄情怀片也不是一部打引号处为引用把自己摆在受害人位置的家庭恩怨苦情伦理大戏而是一部关心自己和他人不丧失热爱这个世界的能力的温情环保片收起全文d,05月01日 11:53
2530,爱情丶呵呵哒,恩莱瑞草铺上沉睡的女子唇边似乎浮着一丝微笑去纤苷赛普替尼塞卡替尼卡马替尼CapmatinibPuriNethol聚乙二醇化组人粒细胞刺激因子新瑞白津优力重组人血管内皮抑制素注射液恩度替莫唑胺胶囊泰道来曲挫片弗隆枸橼酸依沙佐米胶囊恩莱瑞比卡鲁胺片康士得唑来膦酸浓溶液泽泰卡培他滨片希罗达注射用醋酸卡泊芬净科赛斯盐酸多柔比星脂质体注射液多美素马来酸吡咯替尼片艾瑞妮赫赛莱印度特瑞这篇文开放转载转之前在文下或者专栏里和我打个招呼就行__日本核废水入海对中国有何影响收起全文d,05月10日 12:04
8444,林-瑜璟,青海草圆圆爱毛胖爱国羽此时我国媒体忙着狙中央政法委战略安全与军控在线日本政府正式决定福岛核废水排海Vs美国务卿发推感谢日方明显努力,05月02日 16:59
4476,李观吾,教资面试初中语文抽到邓稼先之前学校请了考官来演讲get到了核心素养和没有答辩基本是过了两点今天讲得超级激动一开始导入超级棒核心素养很到位还结合了时事日本核废水切尔诺贝利啥的两个考官瞬间抬头很感兴趣地盯着我接着一系列性格分析都还行吊古战场文还背过简直天助我也然后然后讲到引入的五四之歌淦莫名其妙地想起那天看到一个杨振宁和翁帆的视频他说他去胡适加觉得胡适的家庭并不幸福我就脑抽说到反帝国主义的话题好像有点跑偏了最后答辩考官追问了两遍哭啊我还没圆回来也没有道歉不知道是过了还是凉了呜呜呜希望可以过吧收起全文d,05月15日 13:04
4793,消失不见0089,有空看这个怎么不关心日本核废水王白先生字飞雪看不下去可以选择回到土里去呢亲控方证人Chris实在学不会不看的话可以考虑戳瞎自己哈柚柚炸黑土豆里外都糊倒也不必让兵马俑来当西安直播的小编,05月16日 08:29
8275,hammer同学上课请认真听讲-,任豪没有人比R1SE更爱R1SE怎么还有热搜啊是怕别人忘了核废水的事情吗,05月02日 21:46
6873,祈玺一二三,4月13日针对日本政府准备将福岛核废水排入太平洋的决定中国外交部发言人赵立坚强调日方这种做法极其不负责任将严重损害国际公共健康安全和周边国家人民切身利益日方应重新审视福岛核电站核废水处置问题在同各利益攸关国家和国际原子能机构充分协商并达成一致前不得擅自启动排海中方将继续同国际社会一道密切关注事态发展并保留作出进一步反应的权利赵立还指出对于一些权威机构和专家的意见日方应予以诚O网页链接收起全文d,04月18日 23:52
7090,C逆流之河,gentspy这视频做的太强大了非常同意一点不管大家平时观点有什么不同在阻止日本往大海里排放核废水这事立场应该一致原因请看视频,05月01日 22:34
861,洋桥铺文化衫主题店掌柜,央视新闻日本政府正式决定福岛核废水排海地球SOS我们需要发出自己的声音你在哪里一起发表你的看法参与进来吧江苏卫视L洋桥铺文化衫主题店掌柜的微博视频,05月06日 09:46
10001,起名字吼难,建议王ju一天一杯核废水哦,04月10日 17:59
10323,唯有朱门依旧,太平洋沦为日本下水道计算机模拟福岛核废水扩散全过程O网页链接,04月10日 13:54
5014,遊人P,笑死刘羽禅丶食死徒基地阿_铎改名伏地魔基地吧有新冠核废水等黑魔法加持,05月17日 18:54
2954,JOCYLIN_,随手拍一师参加了外院简笔画复赛的监督主题为世界地球日有几位小姐姐画的非常不错很开心能够参与这次活动外院选题不错世界地球日再了解一下日本核废水排放事件非常有意义湖南第一师范学院团委,05月11日 12:32
6896,法烤猪,看到好多忧国忧民的人因为日本的核废水入海事件真的害怕说不定xiaoriben已经开始排了只是我们不知道可恶的xiaoribenzi我觉得跟不讲道理的人唯一的办法就是不讲道理能不能制裁他们啊太令人讨厌了,04月20日 23:54
89,人间四月芳菲兔,哇唧唧哇INTO1官博哇唧唧哇INTO1官博哇唧唧哇INTO1官博哇唧唧哇INTO1官博哇唧唧哇INTO1官博哇唧唧哇INTO1官博哇唧唧哇INTO1官博你们是不是脑子全被核废水淹死了次次唯九超话热搜还置顶你们是瞎了还是瞎了还是瞎了这样公然黑C你们一万年也不会有团魂,05月05日 20:31
6195,老高高相奎,日本的说辞有严重的逻辑矛盾还有精日说国际组织建议日本排放大海是撒谎国际原子能组织官网内容是日本向IAEA提供了福岛核废水信息按照日本给的数据符合TEPCO的标准乍一看好像是符合国际标准TEPCO是什么TEPCO就是东京电力这就是日本自己按照自己的标准测的数据和报告,04月11日 22:37
6116,plmoknijbuhcft,在沙漠用的核电建在日本却不做防海水处理前期没有任何处理的核废水就已经排进海里了后又不知偷偷排了多少既然说这水没问题为什么不排在日本本土还有脸拍什么5勇士的影视一开始瞒报比起苏联处理日本做得太烂了就是舆论宣传的好西方媒体配合阿理汗改善核泄漏的负面形象宣传,04月11日 23:11
2733,higashi_東台,賣羊肉的咩咩咩早早就预言了核废水导致的海洋生物变异是神作没错,05月11日 23:14
7521,史无洞知,戴旭曾经说过我们必须要警惕日本这是因为历史上日本的两次崛起都以我们为垫脚石而且日本人既有狼性又有狗性回顾历史距离十九世纪六十年代日本的明治维新已经过去了一百六十多年的时间在这段时间里日本安静了两次也疯狂了两次给我们造成了深重的灾难戴旭曾经有对日本的历史及日本人的心理进行了分析得出了日本正在开始第三次疯狂的结论目前的日本通过修改xian法等手段破坏地区和平局势对我们造成了严重威胁日本之所以不懂得反思与它心理是分不开的一日本人一直藐视我们明治维新后日本脱亚入欧产生了一种蜜汁自信这种自信使得日本开始自大起来有了优越感开始轻视我们并伺机欺负我们甲午战争和抗日战争充分证明了这一点日本疯狂的侵略我们差点导致我们亡国灭种后来日本虽然惨败但是日本至今也不认为是我们打败了它它认为打败它的是美国和苏联一直到今天这种想法还在影响着日本的决策二我们的日益强大让日本坐立不安日本人骨子里是极其自私的当年日本仅仅用了五十年的时间就成为列强之一二战后日本经过短短几十年的发展又变成了经济强国但是它却希望我们永远贫穷落后软弱可欺但是时代的发展终究不以日本的意志为转移我们不断在发展崛起在可以预见的时间里我们的实力必将超过美国成为世界第一强国然而我们一直走的是和平发展道路坚持和平崛起然而出于自私心理日本却始终不愿意看到一个强大的中国出现在世界的东方三日本不希望看到我们祖国统一的大好局面祖国统一后TW海峡会完全成为我们的内海而日本因为很多资源需要靠海上输入因此海上航线对它来说至关重要日本有百分之七十左右的海运航线要通过TW海峡这就意味着它的经济命脉会掌握在我们的手里不仅如此统一以后我们不再对钓鱼岛鞭长莫及而是会加强对钓鱼岛的控制这是日本最不愿意看到的因此它会想法设法的阻挠我们的统一大业前面提到日本人非常自私实际上不仅日本自私日本这个国家也非常自私可以说是损人利己为了自己的利益不惜损害其他国家的利益最近的核废水事件再次证明了这一点综上所述尽管我们日益强大但是我们一定不能小瞧日本对它要始终保持警惕微博公开课收起全文d,05月01日 09:05
1720,大钢牙,被核废水污染后的三文鱼L大钢牙的微博视频,05月08日 01:06
9451,别来烦我好吧_,小孩看到核废水要排入海洋的新闻得多难过,05月04日 19:14
9399,不存在灰,日本要倒核废水至少是公开给东南亚邻居们有礼貌的打了招呼美国偷偷摸摸的把五十万桶DDT扔到太平洋里已经七十多年搞得美国低生育率我们不能把自己的命运交给壹个把奴隶贸易做成五百强的反共反社会反人类的恐怖组织美国的跨国公司把全球化红利据为己有拉大贫富差距激化阶级矛盾拉升死亡率,05月04日 20:50
9957,西风不解眉弯愁,日本政府基本决定将福岛核污水排入大海核废水排入大海地球至少要两万年才能降解至人体可承受范围在热搜上却存在不了24小时在外网甚至上不了几个国家的趋势,04月10日 18:44
9912,空空空空rrr,偷国又名南抄县核废水排入大海地球至少要两万年才能降解至人体可承受范围在热搜上却存在不了24小时,04月10日 19:20
8695,伍十陆号空港,钱盆网p2p钱盆已经出事这么久了都没有人来管管我们老百姓欢迎钱盆难友加入我们的wq交流裙五一我们将会组织一场大行动希望各位难友加入wq裙讨论企鹅裙444277357钱盆百分之七十都是老人我想问一问钱盆你还有一点良心吗老人的养老金治病钱你都要骗钱盆立案这么久了还是一点消息没有我希望各位难友一起团结起来一起想办法随手拍身边的春天我支持新疆棉花日本政府正式决定福岛核废水排海收起全文d,05月03日 22:22
5953,恢富出场设置,渔人舟行那瓜娃子就是一工具乌合麒麟任何世界性质的环保机构只要是对日本核废水不闻不问却跑来指责中国环保问题的都是打压中国的政治工具当放屁就行,05月21日 16:51
921,西越雪,前有收鬼子钱发张国荣前辈甲方的图发帖时间显示比北京时间快一个小时冷知识东京时间比北京时间快一个小时现在又来了这么闲去喝核废水行吗,05月06日 02:29
8691,不近女色贝老板,平原机械工业设计局Alexeyevich草这逻辑不得不服虽然其实也要注意日本的军事动向就是了椟菽荫回复关岛号导弹战列舰上次来暗的这次来明的也算长进了关岛号导弹战列舰日本向着太平洋倾倒核废水慢性入侵珍珠港,05月03日 22:23
1245,风铃草丷,这就是美国支持日本排核废水的原因吧共沉沦,05月07日 12:36
4943,Daydreamin9,既然惠右因为一句翻译不满意就能冲了一个汉化组要是次次不满意次次冲岂不是累坏了所以我建议惠右其实可以和身边的立本朋友做个小交易立本人在原作中帮忙翻译一句五福糖惠右就喝一升的核废水这样既帮全世界解决了核污染又能磕最正确最没有歧义的纯纯立本风味糖岂不是两全其美收起全文d,05月17日 20:45
8098,蛋糕配牛奶TS,任豪没有人比R1SE更爱R1SE先把核废水都喝完再说话吧,05月02日 22:11
88,不想上阳台的猫,回家路上脑子里全是核废水和两面包,05月05日 20:33
936,用户6208568554,司马平邦拉瓦铀1959年731头目石井四郎在美国保护下寿终正寝1967年美军在越南撒下6700万升橙剂导致50多万畸形儿祸及200多万平民2003年美军入侵伊拉克八年时间杀死伊拉克平民6万人没找到传说中的大规模杀伤性武器2021年日本向太平洋排放核废水美国同意,05月06日 00:38
5777,荷塘月色85958,转快报中国卫星拍照能力全球最差来看福岛核废水区高清图扳回一局O网页链接,05月20日 16:03
2471,用户7292976214,瑞典环保少女日本倒核废水她装死提到中国倒支棱起来了O网页链接,05月10日 14:47
8264,清野藏月,任豪没有人比R1SE更爱R1SE没有人比我更懂核废水,05月02日 21:48
469,神楽314,日本人都是尼马的骂你中国爸爸没礼貌核废水喝多了逼逼赖赖日本报道真特么恶心,05月05日 00:55
7656,花心的中年妇女,任豪没有人比R1SE更爱R1SE没人比exo更爱exo不会说话就闭麦吧地团很久没营业了也不想被蹭闲的没事喝点核废水脑子就清醒了,05月02日 23:47
7682,_奶盖芋泥波波,任豪没有人比R1SE更爱R1SE可拉倒吧把核废水喝干净了再说吧别秀智商了,05月02日 23:39
217,桃萄菠菠,我确信立本人已经被核废水毒傻了谢谢夸奖会加大力度的,05月05日 15:15
1316,何天恩,这种新闻才应该是热点新闻才该上热搜可惜丁太升们不喜欢看美核试验地区核辐射超切尔诺贝利10倍据环球时报报道美国哥伦比亚大学发现太平洋岛国马绍尔群岛的核辐射水平高于发生核泄漏事故的日本福岛和乌克兰切尔诺贝利相关报道指出自二战后美国在马绍尔群岛进行了至少65次核试验科学家采集了土壤样本对核辐射物质进行测定他们发现有些岛屿的核辐射强度是福岛的10到1000倍是切尔诺贝利禁区的10倍日本政府正式决定福岛核废水排海L超级科普小分队的秒拍视频收起全文d,05月07日 09:00
7244,你这样有意思咩,NBA蔡徐坤大哥日本不是说核废水应该净化得挺安全的了应该不会夸张到让海里的生物变异的程度吧反正我是听福岛那边的鱼这么说的,05月01日 16:08
9370,Sidntishein,笑死阪急能不能别营销了暗戳戳搞小动作选一个416开业膈应国人根本不想看的东西一天到晚在抖音刷到商场营销完了营销柜哥柜姐搞得跟选秀一样真不知道柜哥柜姐还是贵哥贵姐了二鬼子在我评论里发疯又没法喝到核废水孝敬脚盆爹的样子看了真让人觉得可怜还有如果真爱阪急就去消费呀光在我这儿骂人几个意思呀收起全文d,05月04日 21:40
8466,1ppaNR3,罐儿就会鞠躬放屁跳跳兲虎躬犟精神月刊勇者KuMa君鞠躬鞠躬早说了日本政府这十年来信誉快丢光了狗屎一样的躬犟精神zerofabric看看这些新闻真不知道某些人相信日本核废水经过处理是达标排放的信心从哪里来的另这个最后被送回的会是个什么东西呢贫铀穿甲弹,05月02日 16:30
7939,惋音了了,任豪没有人比R1SE更爱R1SE不关注爱豆有点分不清人这名字是上次核废水的那位吗真心没太记住这个团,05月02日 22:38
6332,SS第二帝国装甲师,通过全球海洋洋流或许日本福岛核废水未来不仅污染整个太平洋海洋生态环境甚至核污染整个全球国际化各大洋的海洋生态环境,04月11日 21:35
7495,十里桃花酒原创剪辑,ainmosnii她们脑子里装的都是核废水吧NeXT_turbo终于有明眼人说话了粉丝真的根本不看直接说我家哥哥就是被冤枉,05月01日 09:44
8531,艾丽丝的仙镜,外星人来到地球抱怨海水里满是变异海洋生物人类长得比外星生物还恐怖一定是哪个愚蠢的人类把核废水有毒物质倒入海水了这样的国家太糟糕了结果美国日本马上把外星人逮捕了外星人抗议我根本没说是哪个国家你怎么就能抓我呢美日咆哮废话我们做过的坏事自己能不清楚吗,05月02日 14:38
8440,新天地作者杨文,一只来自种花家的小兔兔核废水中不仅含氚而且还含62种金属放射性同位素它们存在时间长有化学毒性此外废水中的碳14半衰期为5700年历史上从未有如此大量的放射性核素排放到海洋里去,05月02日 17:09
790,青春就是那么酷,别关心日本核废水了关心关心三北防护林吧,05月06日 12:58
7844,enernity永恒,任豪没有人比R1SE更爱R1SE但凡换个人说没有人比你更爱日本核废水是真的高中学校这么好怎么会读成这样子,05月02日 23:00
2061,小羊_肥啾先生和他的小鸟,用核废水对变异病毒以毒攻毒吗卡洛_Jalo真十内只要胆子大秦祎墨团灭吧朝辞夏双向奔赴感人啊黑茶伯爵双向奔赴囧兰胸华纳今天倒闭了吗好家伙老梅梅梅好家伙莫克尔_这种双向奔赴真的大可不必,05月09日 11:56
10222,人间有味是淸欢咩,东京电力公司发布的2020年12月31日为止测得的福岛核电站废水中含放射性元素的浓度O网页链接可以看到Cs137的测得含量在008926BqL之间但是还是需要考虑两个放射性元素来源Afterthe90magnitudeearthquakeandresultingtsunamioccurredonMarch11th2011significantamountsofradioactivematerialwerereleasedtotheenvironmentfromFukushimaDaiichinuclearpowerplantRadionuclidesreleasedtotheatmosphereweretransportedeastwardbyastrongjetstreamandreachedthecoastofNorthAmericainfourdaysTakemuraetal2011AportionoftheseradionuclideswasdepositedonthePacificOceansurfacebywetanddrydepositionprocessesInadditionwaterusedtocooladamagednuclearreactorleakedintotheoceanKobayashietal2013ThustworadionuclidesourcesintotheoceanfromFukushimamustbeconsidereddirectdischargeofcontaminatedwateroveraperiodofseveralmonthswithpeakreleasesattheendofMarchandbeginningApril2011anddepositionofradionuclidesontheseasurfacefromtheatmosphereO网页链接一是泄漏发生的四天内巨大的喷射引起的飞溅的核素以及冷却反应堆的废水总体来说大部分的研究虽然认可海洋对放射性物质的消化能力但我个人不为乐观的是排放总量收起全文d,04月10日 15:00
2586,幻影旅团首席美人库洛洛,我想到了几个郑爽可以光明正大复出并且会受到爱戴拥护的办法不懂一兵一卒收复台湾把核废水全灌进菅义伟肚子里暗杀拜登彻底消灭新冠最后这个可能会受到全世界的爱戴,05月10日 10:00
5477,miyoumissyou,去纤苷从没有哪一刻会像现在让她强烈地感觉到自己就是一个卑鄙的盗贼享受着不属于自己的亲情去纤苷赛普替尼塞卡替尼卡马替尼CapmatinibPuriNethol聚乙二醇化组人粒细胞刺激因子新瑞白津优力重组人血管内皮抑制素注射液恩度替莫唑胺胶囊泰道来曲挫片弗隆枸橼酸依沙佐米胶囊恩莱瑞比卡鲁胺片康士得唑来膦酸浓溶液泽泰卡培他滨片希罗达注射用醋酸卡泊芬净科赛斯盐酸多柔比星脂质体注射液多美素马来酸吡咯替尼片艾瑞妮赫赛莱印度特瑞似是不悦她的目光那雾霭似的绿眸朝她瞥来日本核废水入海对中国有何影响收起全文d,05月18日 10:53
846,蛋挞制造者,其实别人穿不穿耐克和我没啥关系但是因为日本核废水指点我看日漫不爱国转头就买耐克我觉得挺离谱,05月06日 10:31
1591,氺氺杉,真的很烦很烦很烦主动提出来要组队参加然后自己却不提前说事情然后等到最后一天才说的人你是脑子被核废水冲得只剩下脑皮层吗我明确说了好累我已经不想了结果还是还是还是你这个狗比养出来的临到最后一天说要参加然后发个报名表说起构图结构一个都说不出来定的顺序都不知道很云里雾里的在创造你很棒哦哈哈哈哈笑死个人收起全文d,05月08日 13:41
5610,淮南山南警方在线,见证日本政府正式决定福岛核废水排海无耻行为,05月19日 12:43
9223,CPK国际专业蜜蜡脱毛中心,乐于悲天悯人的多喝点核废水和恒河水吧品尝下世界的酸甜苦辣,05月03日 11:13
5836,德国特拉多姆,新闻看点当年大地震引发的海啸冲入福岛第一核电厂时东京电力拒绝海水冷却方案因为那意味着反应堆报废损失数十亿美元他们押宝福岛能挺过一劫这才有了第二天的连锁爆炸和震后十年这125万吨核废水O德国特拉多姆坚持向善的水处理技术,05月20日 11:18
8348,南风在北京,这些人满嘴仁义道德内心深处无非是想攻击中国执政党贬低新中国的成就丑化中国人民的道德贱到骨子里我翻看了复旦严锋教授的微博无一字谴责日本倾倒核废水污染海洋祸害邻国这个时候他就不提邻居论了公知都是这个德行要求中国政府道德完美外国政府烂成渣也要舔,05月02日 20:14
7084,用户5761687587,你个垃圾五岳散人回复赵大叔_操心您家的空气吧我这儿就不劳您费心了赵大叔_很快就要被核废水包围了,05月01日 22:46
4419,神予人间恩泽,差点忘了谢谢字字粉及时给我送上了今天的核废水已经是喝高了麻烦帮忙维权让艾回赶紧给我打钱谢谢,05月15日 15:57
5594,神术荼,进巨加页快把我看复发了建议东电把谏山创投入核废水桶以毒攻毒中和废水,05月19日 13:42
3421,琴南司,玉柴子jsc老子真想狠狠地办你myouyouu谏山创喝核废水扶他柠檬茶他好像有那大病得去看了真的伊谢尔伦的风是不是看到火影死神都整了子世代的事情觉得自己必须跟上潮流苏离弦我头一次见这种跟自己读者有仿佛杀全家之仇的作者,05月12日 08:05
9282,王者就得归来118,精日汉奸们赶快去把核废水喝了战略安全与军控在线日本福岛核废水中不仅含氚而且还含62种金属放射性同位素它们存在时间长有化学毒性此外废水中的碳14半衰期为5700年历史上从未有如此大量的放射性核素排放到海洋里去它对海洋环境及生物链带来的影响难以预料转起,05月03日 09:16
2130,啾咪Seiko,日本核废水福岛的问题一天没解决我就一天不买日本生产的产品,05月09日 23:15
2305,松树冠·,一想起日本倒核废水就超级无敌烦觉得人类不配毁灭吧,05月10日 23:54
2762,哈士奇也有不二的才怪,让谏山创你去喝核废水吧,05月11日 22:16
546,长寿老人的伴,只有日本把核废水喝了才能自证清白否则说什么都是扯淡,05月06日 22:25
6572,永远的永远zeq,日本核污水57天将污染半个太平洋真该死啊小日本它妈的地球的环境是人类生存的根本这个理是不懂还是怎么滴这尼玛直接排核废水到海里这干的是人事吗真该杀啊这个比国家全球都尼玛为世界环境开了多少会议付出了多少努力我他么从好早就开始垃圾分类尽量骑自行车电动车坐地铁来代替小轿车了甚至每个人都在尽自己的小小努力来保护环境它日本说破坏就破坏还拉这全球人一起受罪真尼玛沙比你快点去死吧日你大爷的莎比日本排尼玛的核废水草尼玛的臭煞币日本收起全文d,04月11日 19:23
9487,南风雾月珍,回复kwndjekxkd你追星那么牛逼和爱豆一起去日本喝核废水吧支持爱豆事业,05月04日 17:56
1649,棠棣之伤,只准倭寇倒核废水不准中国坠箭残骸,05月08日 10:15
2909,啾啾鸣鸣,日本边倒核废水边鞠躬的样子姜颜魏唐李这就是不要脸吧明天是個好天氣阿甜端橙子没有没有你误会了我没有觉得错了只是造成了别人不适会抱歉月半弯岁月短一副我知道错了但我不改的嘴脸我看你不像卖惨倒像得了便宜还卖乖,05月11日 14:45
2220,迷彩乔哥,讲真的不提疫情这一块前段时间关于核废水的事岛国的官方就没这个说喝就喝的尿性,05月09日 20:05
5022,suju蓝家妹子,INTO1谈团魂是什么给我整笑了大家都忙着喝核废水呢哪来的团魂国籍都被开除了,05月17日 18:48
9843,大国全球观,新闻看点加速核废水排入海洋联合国紧急通告别危害全人类O向大海偷排核废水联合国通告日本别危害全人类,04月10日 20:11
5647,女兼人尔月庄,MGS粉新冠恒河水流进印度洋和日本核废水融合进化出新冠哥斯拉,05月19日 08:55
8436,看上你的ID了,这是喝核废水喝的,05月02日 17:14
2362,Lincx1211,中美中欧中澳关系风雨飘摇印度疫情恶化日本准备排放核废水二战以来世界各国也许得益科技革命蛋糕做大而暂熄战火而现在呢自私站队打压抢地盘分蛋糕一切又回去了这个世界会好吗,05月10日 21:24
2769,h_不能再咸鱼下去了努力斩托,讨论者Q小日本都喝核废水吃海核鱼了难道还会担心新冠,05月11日 22:05
9477,DrJQ_想要做现充,慕名前去观赏现在还在笑阿芷今天光合作用了吗从08年开始等的凯尔希黑潮之下就是tmd核废水北斗星空leaf这白开水怎么没味儿为斯卡蒂献出心脏我永远喜欢森蚺两面包夹芝士,05月04日 18:21
5353,痕圆祥,被最右笑拉了还差一个核废水讽刺就齐了萝卜酥_挖坑不止哈哈哈真右翼看到这个结局怕不是要去暗杀创骡木木暗示立本人拜鬼导致立本再次招核,05月18日 22:36
2258,长安城里的王长安,bingo乌合麒麟任何世界性质的环保机构只要是对日本核废水不闻不问却跑来指责中国环保问题的都是打压中国的政治工具当放屁就行,05月09日 19:00
2477,永恒的狐星,Lost_in_U连骂福岛核废水的话都做条幅什么毛病,05月10日 14:34
6246,天麻自娱,海产品类股票估计要崩小鬼子居然把核废水直接排放进太平洋海产品不能吃了代替的肉类食品会分的一杯羹,04月11日 22:15
7626,一粒甜承,把塌房团粉丝喝核废水变异眼睛瞎了打在公屏上,05月02日 23:58
2965,波斯猫99,日本向太平洋排核废水一事雷声大雨点小讨论了一阵子没有任何实质进展在今年的联大会议上应该提出动议对日本进行谴责同时寻求在安理会通过决议制裁日本政府中国可以单方面出台经济政策制裁日本企业,05月11日 12:09
1801,原来原来你是我的朱大哥,正确应战方式1总量我们可比美国少得多了2人均中国人就不是人了没有发展权了乌合麒麟任何世界性质的环保机构只要是对日本核废水不闻不问却跑来指责中国环保问题的都是打压中国的政治工具当放屁就行,05月09日 16:30
3250,夜玖-Etsu,我本来6月还准备去西海岸吃海鲜来着想说趁核废水还没流过来啊这可咋整海瞰ME艾塔这个真的太恶心了人类啊绝了山人素酒七花喵_荣耀不败五星鏈君_田中今天畫明糸了嗎铃铛铛今年飞升了吗吐了反射弧超长星人影九美国自己屁股都不干净,05月12日 12:36
6967,seldom不开心,日本人和精神日本人都滚去日本喝核废水吧无语,04月24日 23:58
10274,巴枝闭闭,等我喝杯拿铁可能你核废水喝多了谨言慎行不删号那是因为这种事没啥好讨论啊福岛排出去的是符合世界原子协会标准处理后的核废水各项检测数据网上都有有什么好说的,04月10日 14:28
1925,刘丽霞1965,王葆口感不如恒河水啊xlei74然后一起喝核废水,05月09日 13:46
5771,清同甫穷困,打核废水疫苗不就可以了,05月20日 16:05
9541,吃货八叔,被核废水污染后的三文鱼L吃货八叔的微博视频,05月04日 15:43
1867,独孤无霜66,晋未渊没准印度蛊王可免疫核废水过来烤熟你_2021激光中迎好运来这俩要交流养蛊经验吗逆光飞行死国已不办可乎我不是谦哥儿好一个双向奔赴这可比言情片刺激多了,05月09日 14:52
121,小凡好摄,叛乱省有人将凤梨加入粽子里一齐包即日起开卖右图是网友评论个人觉得还应该加澳洲红酒与核废水才算完美黄媒不会说的真相,05月05日 19:33
20,ZHY卐,O网页链接这王八没十年脑血栓没喝十年核废水治疗是干不出这么迷惑的事的,05月05日 23:14
5575,真勇者之翼,刚在群看到还以为是日本倒核废水马斯克计划15年内培育恐龙十元从政世界进入真哥斯拉时间线,05月19日 15:50
5263,LOL情报局,见盘151日本核废水和恒河水你喝哪个英雄联盟2021LPLLLOL情报局的微博视频,05月17日 06:29
6186,懿笙秋,小日本向太平洋倾倒核废水这下精日狗们都不出来吠了平时有事没事就要宣扬躬匠精神把自个老祖宗都忘得干干净净了,04月11日 22:41
5718,小黑五号,肖战喝光核污染废水拯救地球这TM也太棒了大好人,05月20日 20:06
326,永远喜欢夏天dv,无语了东边一个排泄核废水西边一个病毒培养皿今天也要早睡yaya我们真倒霉这都什么阴间邻国Cowboy67那全世界都很危险啊大家不要光觉得好笑也得有点危机感咱们离印度这么近还是比较危险的,05月05日 11:16
2176,榆树市红星乡,日本倒核废水她装死提到中国倒支棱起来了O日本倒核废水她装死提到中国倒支棱起来了,05月09日 21:41
6113,阿乐Lex,是曝光度不够还是我们真的麻木了都没怎么报道这个是不是等于慢性自杀而且是带着全人类一起日本要为历史负责应该让专家学者进入调查研究而不是看怎么便宜怎么来直接倒海里日本核废水日本东电称核废水稀释后能喝福岛核废水日本核污水57天将污染半个太平洋,04月11日 23:13
9497,在路上的小沙弥,神奈川冲浪里如果原作者葛饰北斋现在还活着他也会非常关心日本核废水问题2北京,05月04日 17:28
168,老张家的红色贝斯,啊啊啊这段花絮更强了然后弹幕有个说处理核废水有这态度就好的,05月05日 17:08
3831,LDMQ20200329,青羊共青团如何看待日本福岛核废水排海L用户6495967688的微博视频,05月13日 03:38
3550,-春天的第十八个瞬间-,罗那个豪是恒河喝多了还是核废水喝多了,05月13日 21:20
5335,已读不回-ii,哇唧唧哇难怪那么多人每日问候哇唧唧哇倒闭了嘛有理由的因为你值得啊每日一每天不同的法私生你不管安保你不做物资你不放哇唧唧哇晃晃脑袋听听有没有核废水的声音福岛快乐水你值得拥有,05月17日 00:06
916,美东侨报,美日韩外长会谈韩当面对日表达核污水问题担忧当地时间5日上午为出席七国集团G7外长会议访英的韩国外长郑义溶在伦敦同美国国务卿安东尼布林肯日本外相茂木敏充举行会谈三方商定就美国对朝新政策加强合作会谈后郑义溶和茂木敏充还举行了双边会谈双方在历史遗留问题日本排放核污水决定等问题上仍存在分歧O网页链接侨报新闻速递日本福岛核废水排海收起全文d,05月06日 04:52
6258,老龙看市场,假期两个被媒体反复暴跌消息一个是阿里巴巴被罚款182亿另外一个日本向太平洋排放核污染废水对应的股市逻辑上周五都有一点异动其中抖音股上涨和阿里被罚有相关因素而淡水养殖股强势就是日本的骚操作了,04月11日 22:10
8398,玉龙雪精灵,印度人真的一言难尽我对印度人从来就没好感现在居然成了新冠最大的养蛊国然后日本的核废水也开始偷排了这两个邻居各有各的奇葩真的不能理解排放核废水这么大的事为什么全世界的其他国家都没声音了都好像默许了印度那事还是继续戴好口罩吧,05月02日 18:37
633,折桂枝枝,乃万工作室声明内真的都是什么不读书的傻比当明星啊前有建个罩子阻挡核废水的现在有一个无法追梦社会需要买房买车这都怪女的不宽容争当意见领袖挑起对立炒作谋取红利的样子像个8000,05月06日 17:38
6639,一碗初心,福岛核电站4000个废弃物集装箱信息不明一个海啸再把废水给拍回日本就不是鞠躬的事儿了,04月11日 18:49
5989,云深不知处迷途的羔羊,这是曹县最大的耻辱你们不去日本进口点核废水礼尚往来一下吗,05月21日 11:59
104,杏仁橙汁冻,疯狂赶作业时随机播放着黑塔角色歌真的是总忍不住想哭圆圆的地球转动着世界是多么美好但一想到小日本放核废水又踏马的好恨为什么,05月05日 19:55
7538,桃娘咣咣冰,团综壶c还是挺好就是粉丝洗得让我想和她们解释解释为什么入党要政审因为人可以吃屎味巧克力但不能吃巧克力味的屎在共产主义全人类解放前原谅劳动人民千百年被奴役的愤怒还不能平息我们不想连坐建议粉丝别再乱洗地就是这个理壶老三和壶老九一个赛一个的不要脸老三的脸其实不是肿了那是厚了脸皮厚了一年四个女人已经能站成四面墙还不够封闭你是不是想多来两个把上下两面封成长方体老九那副作态真想让人连夜送进警局喝个几壶鉴于是我方派出的核处理大使那几壶就上2010最浓郁核废水吧壶老四现在的处境就像是某个区域公司业绩很好的销售却被集团的监察中心处罚了天天梗着个脖子反问公司你想想是业绩重要还是这些虚头巴脑的规矩重要我做了这么多公司这点宽容都给不了这话说的集团又不缺你一个销售当然当换就换区域公司只想拿出手机催Hr新的人什么时候到岗另外查查是不是合同快到期了如期解约咱们不赔n哈小笨蛋想赚钱的这么多文艺这么主观的东西又不能整个好坏标准大家可不就指望着这点虚的东西淘汰人么这些话都回家对空气说吧收起全文d,05月01日 08:14
3926,圆塘ripre,椰姐油菜花香薰脆饼关于我作为小事儿磕壶酒吧一定要嘴遍8粉圈那档事隔壁首相秘书们太过可爱怎么办qi7椰会说多说点星球失速脱轨论核废水怎么喝不会变成哥斯拉,05月14日 20:00
83,一颗陈陈陈皮糖,核废水咕咚咕咚熊熊今天变可爱了吗免费领了一张立本居住证和100次核菲水体验券,05月05日 20:51
5173,同君阁老,小鬼子内阁把太平洋当作它家的下水道核废水到处排放即使岛国内再努力做好垃圾处理于世界又有何意,05月17日 11:50
8831,天使的城电视剧,热门电视剧剪辑剧综汇精彩奥特曼中因海洋污染而出现的怪兽强烈抗议日本政府决定将福岛核废水排入大海污染海洋是会有代价的当今的日本政府应该看看以前的日本人的认识L天使的城电视剧的微博视频,05月03日 21:21
9492,泡芙还是舒芙蕾,这是喝了多少核废水,05月04日 17:39
2581,已婚奶爸痛车男,感觉我国对外键盘输出能力真的不行要在微博已经被怼成狗real_RyosOfficial正经人谁评论时政啊菲特泰斯塔羅莎我们的火箭掉水里就危害全球他们的核废水就安全环保日本傻事大部分残骸竟然大气层里销毁了剩余也掉海里了真太可惜了没有,05月10日 10:07
2325,作家神棍局局长,反对日本政府往海里排核废料日本强排核废水将使海洋生物失去家园,05月10日 22:59
10360,薛定谔_viviani,丧心病狂日本决定把福岛核废水排入大海UP主留学生日报bilibiliO丧心病狂日本决定把福岛核废水排入大海哔哩哔哩客户端下载O网页链接你们的老婆更新好勤快啊,04月10日 13:17
5995,totclaudia,睡了一觉guojie的脑子又浆糊了核废水在睡梦中灌满了她的脑浆吗,05月21日 10:57
1963,天妒修羅,一般骑乘员副队环保批保罢了张宏圣好图共欣赏查看图片Esports海涛选择性眼瞎真是小丑一只乌合麒麟任何世界性质的环保机构只要是对日本核废水不闻不问却跑来指责中国环保问题的都是打压中国的政治工具当放屁就行,05月09日 13:03
5472,天城1668,去日本喝核废水吗日本傻事现在就在抵制苏菲大咪蜜等着瞧开完了东京奥运会鬼子立马翻脸地址北京冬奥会,05月18日 11:22
8455,holaaa21,倒也不用一起唱爱我中华任豪带着一起去喝核废水吧就不用他辛苦建罩子了,05月02日 16:43
961,小米大咖,新冠核废水奥运会坏事做多了老天都不会放过它,05月07日 23:23
955,人间清醒菜菜,众所周知蛙卵不喝奶茶喝核废水,05月07日 23:41
3037,一羽剪影,成都49中外有日本核废水内有成都49中,05月11日 08:50
9964,中二病院酱,偷国又名南抄县核废水排入大海地球至少要两万年才能降解至人体可承受范围在热搜上却存在不了24小时,04月10日 18:36
7060,每日国际视野,继赵立坚个人推特发浮世绘改图后中国驻日大使馆再讽美国死神朝日新闻等日本媒体4月30日称继中国外交部发言人赵立坚以仿浮世绘插图讽刺日本政府决定将核废水排放入海后中国驻日大使馆29日疑也在推特Twitter上发文所附插图描绘身着类似美国国旗的死神正向埃及敲门,05月01日 23:46
4688,兔兔的正版TARDIS,左图当超人阿光被关起来大海被核废水污染时雷杰多在拍照右图伽古拉在拍照对不起我不太知道这边还该有谁正反两边都没有伽古就离谱还真就应了鹤田p那句我也不知道你是那边的嘛,05月16日 18:47
9471,wzpatrick123,东邪影视可攻可受深居简出外网官媒说w汉病毒圣母们没有激动外网官媒排挤新疆棉花圣母们没有激动外国官方公然说搞乱x港t湾圣母们没有激动r本要排放核废水圣母们也没有激动但是今天圣母们纷纷破功了这是因为什么呢,05月04日 18:33
2826,H同位素,日本急不可耐两套方案进行核废水排放却是为了保护核电站人员虽然最终核废水是定在两年之后向大海排放但是日本的这一决定已经在国际上引起了巨大舆论但是面对各方的抨击日本并没有收回自己的决定O网页链接日本的做法,05月11日 19:40
10288,修修_AAA,丧心病狂日本决定把福岛核废水排入大海哔哩哔哩动画O疯了日本正式决定排福岛核废水入海美国竟支持,04月10日 14:23
4853,陈宇和喜羊羊,不是中国美女们你图又矮又丑又老又没情商的日本鬼子什么图他可以帮助世界喝太平洋的核废水吗,05月16日 00:19
9795,steedcar,应该用船运到太平洋深处倾倒远离陆地稀释浓度樊建川瓜果爹爹整个太平洋来稀释是肯定没问题的问题是怎么可能整个太平洋的海水都来参与很明显这些核废水会导致部分海域的含量严重超标危害人和生物临近的国家都要遭殃所以我国说要跟周边国家商量着来一点不错,04月10日 21:10
6009,KUN-Pluviophile,神化一个国家真的很有病而且神化的还是别人的国家更有病了听人吹日本的偶像多敬业你是没看见跟女高中生喝酒回酒店然后鞠躬道歉过了没多久又出来演剧有名的女演员不离婚还说要继续支持出轨丈夫的事业这跟你瞧不起的内娱差不了多少整天吹日本有责任心就跟没看见核废水往海里倒似的,05月21日 09:15
5411,keke哈哈笑,都是和核废水喝多罢了已经疯的神智不清了,05月18日 17:50
5001,湘潭大学环资学院,新闻茶话会日本政府做出核污染水排海决定后福岛核电站储水罐接连发生泄露自4月25日已出现两次废水泄露事故湘潭大学团委湘潭大学青年传媒中心,05月17日 19:07
6087,方阿雾,虞舜重华最先是加拿大发现日本偷排核废水应该还能搜到新闻而且去年菲律宾的科学机构从南海的珊瑚中分离出了人工放射性同位素碘129南海中同位素碘129的浓度大幅升高而同位素碘129的主要来源就是核反应堆主要是核燃料后处理或核事故扩散到环境中,04月11日 23:28
8515,syfsy詠竹詩溪,这很霉国欢迎倭奴核废水排海却禁止进口倭奴海产品一边和阿三站在一起却发出旅游禁令记得前两天阿三还加开了赴美的直达航班吧魔笛是真够魔性的,05月02日 15:26
8344,Escape_封閉貨車,日本政府正式决定福岛核废水排海真nm无语刚放五一看到这条国际新闻日本能不能有点大国主义情怀哦日本是不是不是大国这真的会毒死人祝你全家变异无语了太平洋你家的,05月02日 20:19
7385,Maxxis-ReX,完结日本傻事你们要知道日本在8年前的2013还是用挖坑加三层防水布放核废水的会不会笑出眼泪啦然后结果被发现泄漏查看图片善良的囧囧神钢铁集装箱当初就应该灌铅密封的小日本作为发达国家这个钱都不舍得花宁愿害人害己,05月01日 11:38
5075,致郁系M酱,哈哈哈哈哈哈哈阿_铎改名伏地魔基地吧有新冠核废水等黑魔法加持,05月17日 17:47
5861,gewj53,回复讨论者Q平时尽量不添一添就添个大的讨论者Q小日本很关心伊郎核问题小日本就是不愿意把自己的核废水好好喝完总是给中国和全世界添麻烦精日不是说日本人不爱给人添麻烦看来是在憋大招给全世界添麻烦啊,05月20日 08:23
4357,风81086,1921撤档太恶心了怎么过审的从选角到到定档这么多人形生物没一个确定是正常人么核废水灌脑子里了么变异了这是,05月15日 20:06
6874,龙影刀剑-周显光,雷武龙Tian来去之间这就是被日本带沟里了核废水怎么存不下东电想存再存1000万吨也存的下前年利润还有100亿你不能说一年赚100亿然后说没钱存核废水核废水存不下这时候科学没有能力及时支撑决策,04月18日 23:51
8179,小耗子快乐吃瓜,任豪没有人比R1SE更爱R1SE多喝点核废水吧ipad养乐多,05月02日 22:01
3456,柯柯热血少年誌,纯狐公子这位瑞典小碧池也学会了看人下菜斯文在兹服饰雅集卢克文问一下这位美少女日本宣布倒核废水时你在干什么,05月12日 02:06
4068,萌陈浩南,贝伐珠单抗艾曲博帕艾曲波帕ELTROMBOPAG是再生障碍性贫血新药艾曲博帕是一种口服血小板生成素受体激动剂TPORA通过诱导来自骨髓干细胞的巨核细胞刺激和分化来增加血小板的产生医学者表示如果不及时治疗严重的再生障碍性贫血可能是致命的当前的初始治疗方案对许多患者来说效果甚微美国FDA对艾曲博帕的批准对于患有这种具有挑战性疾病的患者来说是一个重要的进步有关此药的主要研究项目显示44IST初治无效的再生障碍性贫血患者在使用艾曲博帕联合标准IST治疗后6个月达到完全缓解这比历史上仅使用标准IST治疗观察到的完全缓解率高出了近276个月时试验患者的总体反应率为7995CI6987此次试验的新数据还显示受试者接受药物治疗后出现了持续应答对于接受6个月的艾曲博帕与马抗胸腺细胞球蛋白hATG和环孢菌素CsA随后使用CsA维持治疗的患者中位反应持续时间达到了243个月在本研究中报告最常见的不良反应发生率5是肝功能检查异常皮疹和皮肤变色包括色素沉着过度日本核废水入海对中国有何影响印度特瑞收起全文d,05月14日 12:13
4941,妩媚的带带,INTO1谈团魂是什么不知道我只知道我慕强回头一看要喝核废水C出来以后看到C位在手笑看疯狗现在都还胆战心惊的,05月17日 20:47
1573,云的花圃,填词不错唱得真好云村Mlog日语版海底日本核废水填词版戳我看完整MlogO网页链接网易云音乐,05月08日 14:48
1290,Benny刘宗源的记忆之源,凤凰新闻遭核辐射后83天他成了世界上死的最惨的人前段时间日本单方面向全世界宣布我们做了一个非常缺德带冒烟儿的决定将福岛核废水排放入海而与此同时一个数据惊呆了所有人福岛核现有污水已超过120万吨消O手机鳳凰網来自凤凰新闻客户端,05月07日 11:09
2666,九九达咩,常洄家看看迟早给家笑死还自曝买签到曲线中间的低的那几天是没钱了吗真的是比核废水还水,05月10日 02:04
4678,亲下刘宇,哇唧唧哇INTO1官博是脑子塞满了废烟头还是灌满了核废水你c爹的公式照呢刚刚抬头看天上原来是哇唧唧哇暴毙炸裂的猪脑在飞呢,05月16日 19:47
8460,我家阿征最帅惹,INTO1出席R1SE演唱会这个词条真的好过分啊不是壶丝但是再怎么说壶也是前辈居然用出席是没学过中文么反正就只有宇子没有去要是真的能代替壶解散就好了那些在这个词条下都能yygq宇子的人我告诉你们水至清有没有鱼我不知道但是肯定没有核废水嗷,05月02日 16:38
5714,zqsg的sb,赫赫去日本喝核废水吗妈的你很牛吗,05月20日 20:43
6762,霞飞糖葫芦花,昂撒接下来肯定会收拾东瀛人搞核废水昂撒真要下死手从来不会叫唤的咬人狗不露齿那种所以也别太害怕昂撒也算做一点好事,04月11日 17:17
7795,爱生活的嘎门门,日本需要你快去吧核废水在等你解决,05月02日 23:12
315,林冷2000,这一切的起因要从2011年3月11日的日本地震所起这是第一次日本第一核电站辅导核电站发生核泄漏那时我才七岁不知道这意味着是什么可在今年4月13日日本宣布要将经过过滤并稀释的核废水排入太平洋并称核废水已达到净水的标准这使我感到无比的愤怒这种拉着全世界陪葬的做法真是令我反感我对日本当局失望透顶虽然说在废水处理问题上我也从来没有对日本当局寄希望因为在这之前我所接触到的信息和看到的新闻都报道的比较片面为了写这篇文章我在收集资料的时候看到了福冈阿苍的视频本来只是为了发泄直接愤怒乱谈日本福岛核事故责任人无罪核废水倒底怎么办咱们继续深挖福岛核阴影UP主福冈阿苍bilibiliO乱谈日本福岛核事故责任人无罪核废水倒底怎么办咱们继续深挖福岛核阴影哔哩哔哩客户端下载O网页链接关于日本处理和废水看法到最后我想发表一下我个人的看法在人与大自然的对抗中大自然从来没有过败绩请日本当局不要作茧自缚不要拿全世界人民的生命做尔戏最后这件事情让我懂得了在信息大爆炸的时代里我所接受的信息是片面的是碎片的所以有些事情不能只看一两个视频就主观臆断多收集资料多看新闻202155收起全文d,05月05日 11:47
10252,羊羊泡芙卷,日本政府基本决定将福岛核污水排入大海真恶心吐了日本真是世界的毒瘤二战是上一辈日本人打的这一代日本人是无辜的核废水是这一代日本人排的然后下一代日本人是无辜的呗就祖祖辈辈不承认历史就没事了呗恶心吐了就这还一群精日洗地呢这么爱日本干脆精日和日本人把这废水喝了吧一个精日一天喝十八公斤核废水很难吗收起全文d,04月10日 14:44
4190,中美聚焦,一份全球资产负债表从环境危机中幸存的新方式全球资产负债表将突出表明各国为自身利益采取行动的权利是伴随着义务的日本最近决定逐步向太平洋排放福岛核电站处理的废水就是这种不安的一个鲜明例子日本不仅必须考虑寻找替代解决方案的内部成本它还必须考虑所选择的解决方案意味着哪些外部义务O一份全球资产负债表从环境危机中幸存的新方式收起全文d,05月14日 08:03
9700,咸鱼干能做好吃的茄子煲,可以有菲特泰斯塔羅莎组织一群公知大v去福岛深度旅游用核电站水泡汤在排水口浮潜每天饮核电站的水吃福岛米海鲜都是核电站外现捞的体验一个月之后送福岛永住票非常爱扭给的人让东电和外务省直播现场喝核废水我们打赏我愿意掏钱,04月10日 23:02
4156,永爱不夜城,你不也是渔人舟行那瓜娃子就是一工具乌合麒麟任何世界性质的环保机构只要是对日本核废水不闻不问却跑来指责中国环保问题的都是打压中国的政治工具当放屁就行,05月14日 09:26
5269,武汉海狮集团,我参与了鍋盖頭司令发起的投票你觉得日本应该为核废水排泄赔偿么我投给了应该这个选项你也快来表态吧我参与了鍋盖頭司令发起的投票你觉得日本应该为核废水排泄赔偿么我投给了应该这个选项你也快来表态吧日本鬼子太坏了,05月17日 05:36
4132,NOCttoo,政府为什么不禁止日本日化品和所有食品核废水的事情还不够理由封禁,05月14日 10:12
2653,有爱心的小鱼,图卡替尼永嘉听在耳里全当不知情她情愿在淑华宫累一些也不想面对沈邵贝罗司他胶囊Enhertuds8201司美替尼沙妥珠单抗吡非尼酮胶囊艾思瑞环丝氨酸奥利司他Darvadstrocel恩杂鲁胺Xtandi恩杂鲁胺Enzalutamide力如太Rilutek利鲁唑片Riluzole拜瑞妥利伐沙班片莫西沙星PIQRAY阿培利司普雷西替尼普拉替尼马法兰鲁比卡丁伏立康唑威凡凡德他尼博舒替尼厄达替尼盐酸埃克替尼片凯美纳福避痛卡麦角林图卡替尼色瑞替尼瑞普替尼ripretinib印度特瑞公主府与大相国寺相比沈邵已是开恩永嘉却一时犹豫日本核废水入海对中国有何影响收起全文d,05月10日 03:02
8748,Kottke九日,东京饮用水致癌物严重超标小日本子氟化物超标关核污染废水啥事要么是本来这里的源水流经含氟矿层或者是附近化工废水污染咋一提到小日本子就是核废水2西安西安建筑科技大学,05月03日 21:51
8020,熙熙攘攘独木桥·,任豪没有人比R1SE更爱R1SE谢邀任豪有在努力成长有在乖乖喝核废水有在慢慢变素人有在默默承受网络暴力了,05月02日 22:21
3855,浪迹天涯一二三,鲁索替尼前辈你还记得六哥曾经说让我小心三哥吗肝癌非小细胞肺癌膀胱癌前列腺癌肾癌脑胶质瘤食管癌胃癌艾曲波帕乙醇胺片瑞弗兰Eltrombopag艾曲波帕吉三代索磷布韦维帕他韦片丙通沙塞尔帕替尼Selpercatinib盐酸曲恩汀曲格列汀阿普斯特片apremilast巴瑞克替尼Baricinix米托坦普那替尼普纳替尼ponaxen托法替尼托法替布尼拉帕尼斯沃利奈唑胺片LinezolidTablets非布司他片非布索坦片拜利妥利伐沙班印度特瑞萧眠瞬间觉得自己肩上的担子好重但是这也让他有了一种责任感他一定要尽力不辜负这些人的期望才行日本核废水入海对中国有何影响收起全文d,05月13日 00:43
2249,开府-仪同三司,这群双标猪真是无耻到没下限乌合麒麟任何世界性质的环保机构只要是对日本核废水不闻不问却跑来指责中国环保问题的都是打压中国的政治工具当放屁就行,05月09日 19:15
10075,zonghy是烧饼P,懂了用核辐射引发变异来达到全体免疫神秘的果子F如何将排放核废水的伤害降到最低先被新冠搞死,04月10日 16:54
8103,躲在云后面的小行兴,任豪没有人比R1SE更爱R1SE没有人比任首相更懂和核废水谈恋爱,05月02日 22:11
4083,黑狸花咪啦喵,小日本是不是在福岛搞地下核爆炸啦借机说是地震然后把核废水倒入海里说地震造成的与我无关,05月14日 11:44
1796,舍煜子的猫,哈哈哈哈哈哈哈哈笑死汪汪碎冰冰_x新cp恒核废水泰战主力猛犸三什么神仙CP锁死了,05月09日 16:38
10062,boy火焱,坚决抵制日本政府这种不道德的行为希望全世界携起手来解决这个问题也可能日本政府对核废水也束手无策最少再放五十年,04月10日 17:10
3382,不会哈哈哈v个好好补补,我正在看日本倒核废水她装死提到中国倒支棱起来了分享给你一起看吧日本倒核废水她装死提到中国倒支棱起来了O日本倒核废水她装死提到中国倒支棱起来了,05月12日 09:18
8476,我是四毛哦,最近新闻报道各国谴责日本欲将核废水排入海洋核废水污染严重影响海洋生物引起物种变异更会波及人类危害极大问如果谴责有用就能保家卫国各国日常征兵生产各类战车攻击机航母造核武器为何用一个弹丸之地将影响整个地球人类的生态生存之地世人却还在唇枪舌战荒谬日本政府正式决定福岛核废水排海日本核污水57天将污染半个太平洋收起全文d,05月02日 16:15
8246,沈氏卿然,任豪没有人比R1SE更爱R1SE任桑怎么还没去日本处理核废水事宜啊,05月02日 21:52
10042,Xeno_NEX_Quadragon,草草草zonghy是烧饼P懂了用核辐射引发变异来达到全体免疫神秘的果子F如何将排放核废水的伤害降到最低先被新冠搞死,04月10日 17:24
6526,Time-witness,侠客岛环球时报人民日报央视新闻胡锡进央视军事素材多宣传日本排泄核废水的危害,04月11日 19:56
5080,追星的girl不能穷,哇唧唧哇贱不贱啊艹尼玛的团魂呐先把核废水替我们喝干净吧,05月17日 17:24
8826,锦衣青鸟,东京饮用水致癌物严重超标当年的痛痛病还会再来吗东京环境维权民间团体对居民进行血液检测血液中氟化物超过日本国民平均值两倍以上如果坚持排放福岛核废水日本国民必将付出惨痛代价潇潇语榭潇潇语榭,05月03日 21:22
7880,铁血夏左人,马桶商人炎客浇了点东国那边的核废水这花长得还挺快,05月02日 22:50
3646,月光逐风者,你这么能画去画个核废水的呗,05月13日 16:04
3713,用户7607487345,日本政府正式决定福岛核废水排海守小礼而无大义,05月13日 13:16
1265,林深时见鹿nt17802,X玖少年团肖战DAYTOY有时候我在想怎样才能做到和你的粉丝一样有那种鲍鱼的芬芳腥味后来我懂了我要把自己每天泡在核废水里每天叫为爹每天辱骂东亚病夫呜呜呜呜割割你的阿姨粉丝真的兢兢业业泡了十年了呜呜呜厉害子林深时见鹿2019202020,05月07日 11:53
1724,灯蛾,放只喝了核废水的巨型蚊子咬死我讨厌的人,05月08日 00:54
4967,靠谱同学小泡泡子,团魂就是如果你不喜欢小雨滴你就是不支持中国传统文化你不是中国人如果你还好感日本选手你就得喝核废水INTO1谈团魂是什么,05月17日 20:12
2120,湖中医19级医学检验一班团支部,日本政府正式决定福岛核废水排海弹性环保瑞典环保少女面对日本核废水唯唯诺诺面对中国就大放厥词,05月09日 23:43
7999,了不起的邋遢鬼,任豪没有人比R1SE更爱R1SE我不止一次好奇来选秀的都是什么妖魔鬼怪到底有什么魅力值得被追捧是出色的演技优秀的品质还是卓越的才能这种热搜第一简直就是侮辱娱乐至死建议这位先把核废水喝完了再来卖情怀的吧喝完日本的再顺便把美国那676吨DDT也喝了,05月02日 22:25
6786,何必怅然03,日本核废水入海对中国有何影响重启之极海听雷97出来挨打97你有毒怎么肥四自己助攻的自己破出来挨打,04月14日 23:59
4299,墨河mh,不是吧阿sir本子都要灭国了还粉呢缺那250的退籍费吗小心到时候一起被遣返回去喝核废水哦,05月15日 23:55
4040,-北绘-,手工怒肝30天还原日本核废水氚吉祥物的真面目哔哩哔哩动画O手工怒肝30天还原日本核废水氚吉祥物的真面目,05月14日 13:07
8277,三房的英,任豪没有人比R1SE更爱R1SE没有人比任太君更爱核废水,05月02日 21:46
9503,游戏达人,东京饮用水致癌物严重超标难怪说核废水达到了饮用水级别,05月04日 17:15
5155,成成成成成美-,唐山提醒近期不食用野生毛蚶海虹海鲜我的最爱呀要是排了核废水怕是都有牵连吧,05月17日 13:20
6923,朗馨,哆啦A梦日本政府正式决定福岛核废水排海日本核污水57天将污染半个太平洋机器猫这是我近来创作的三幅画灵感来源于那则哆啦a梦预测日本核排放说是小夫对着大海扔垃圾大雄和哆啦在潜水艇里指责小夫的不该说实话个人对于日本排放核废水内心其实是十万只草的我身居沿海城市泉州从小多大海还是有一种特别的感情的核废水一排放海里的海鲜还能吃吗对于沿海城市的居民要是连海鲜都不能吃了那是件多么绝望的事但咱小老百姓别说啥人微言轻咱们就是想发句声估计都没人听见所以借着这三幅小画抒发下内心的情绪三幅小画里小夫悠闲地喝着饮料心喜的排放核废水胖虎拼命想要堵住废水口大雄和机器猫正要赶来天空被邪恶笼罩连外星人都来抗议心中无数草抵制的声音可能很小但把声音传出去让更多的人听见大家一同发声只要人数够多声音够大或许能有点用2南安市收起全文d,04月22日 23:59
6937,我是无二1,海洋那么美拒绝核废水保护海洋环境呵护蔚蓝星球bgm,04月22日 23:56
4782,雨四光Ameshikou,看个啥都有说排核废水的真的乌鸡鲅鱼有这爱国的心为啥不去和日本人battle而是恨不得爬到你的餐桌上和你说你吃的变异海鲜,05月16日 09:47
1776,jiao敏,5日本倒核废水她装死提到中国倒支棱起来了O日本倒核废水她装死提到中国倒支棱起来了,05月09日 17:10
8943,肥迷_情绪宣泄处,辣子鸡丁我至爱喝点核废水以毒攻毒就好了,05月03日 20:03
5222,很高兴认识你哈,福岛核电站储水罐已多次泄漏看到这个词条下还有人在骂任豪和任豪粉丝我硬着头皮说一下任豪作为公众人物说话是应该谨慎一点一不小心被人钻了漏洞过分解读了他的本意身为中国公民都是不想让核废水影响到祖国都有一颗爱国的心只是他的言论真没有道德绑架祖国也没有传外网热搜谣言适可而止收起全文d,05月17日 08:47
6735,鳜鱼肥v,classic6广传揭露日本反人类罪日本政府基本决定将福岛核污水排入大海日本核废水万恶的资本主义日本政府基本决定将福岛核污水排入大海,04月11日 17:37
1466,jennie是杨贤硕的姘头,Loeychanyeol平井桃喝日本核废水得子宫肌瘤暴毙平井桃麻生太郎核废水封逼平井桃这个只会说日本妓女说的话舔棒子国老男人的屌的废物今天死了吗平井桃做鸡被群艹,05月08日 20:14
4918,503宿舍-WTF凸2凸,有害简直就是核废水,05月17日 21:32
8598,法国欧洲奢侈品代购s665,恋梦芸儿日本人为何年年寿命居全球之冠难道是因为吃的核食品饮的是核废水吗,05月03日 23:11
4217,灰矮星没有雨,农夫山泉怡宝百岁山这三个我闭着眼都能尝出来还有千滚水压根都不用喝拿到鼻子边闻一下就感觉和核废水有一拼,05月14日 02:37
5888,叨叨打滴,mdz学学摊爸行不学学人家的高音rap也不行唱歌也不行镜头感完全没有眼神游离嘴巴长那么大也不张开你刚刚横渡日本海喝核废水回来了,05月21日 23:59
2266,玖彻_佛系咸鱼,她天天除了口嗨还会啥逆光飞行好带儿油就是个笑话张宏圣好图共欣赏查看图片Esports海涛选择性眼瞎真是小丑一只乌合麒麟任何世界性质的环保机构只要是对日本核废水不闻不问却跑来指责中国环保问题的都是打压中国的政治工具当放屁就行,05月09日 18:48
3872,扫地焚香很累的,xs正经艺术圈往QQ空间里发呀这话没有十年脑血栓都说不出来滚去日本喝核废水去吧,05月14日 23:41
7232,ZHJ0570,比起日本排核废水HBO本意是黑苏联现在看来变成表扬了我又看了一遍救灾的人都是壮士,05月01日 16:38
1540,影视茵,把核废水排放到太平洋会引起哪些影响对人类基因造成哪种变化简单通俗的告诉你电影电影推荐L影视茵的微博视频,05月08日 16:07
220,香港中通社,關注日本排核廢水入海陳肇始或收緊福島及鄰近地區食品進口管制據橙新聞報道日本計劃將福島核電廠儲存的大量廢水分階段排放入海遭到鄰近國家和地區反對香港特區政府食物及衞生局局長陳肇始表示視乎日本排放核廢水計劃發展以及日本提供的相關數據特區政府不排除增加對日本進口食品檢測以及收緊對福島和鄰近地區食品的入口管制陳肇始今日5日在回應立法會議員質詢時稱十分支持國家外交部就日本排放核廢水計劃的表態特區政府已經向外交部駐港特派員公署反映香港業界的憂慮她又指出特區政府已經就有關計劃對食物安全的影響向日本當局表達極度關注強烈要求日方提供多方面數據及監控信息包括排放核廢水的方法排放實際位置核廢水內輻射物質的清單和濃度頻率和排放量以及日方處理排放核廢水及監測周邊環境的計劃等日本疫情期近6成日本民众有头顶焦虑香港收起全文d,05月05日 15:10
53,紫龙防务观察,美海底发现27万个毒桶严重污染海洋环境危害有多大近日据媒体报道据洛杉矶时报26日披露在美国加州外海海底发现疑似多达27万桶可能装有有毒化学品DDT的废弃桶难怪在日本排放核废水的时候得到了美国的默许27万个毒桶咋回事微博公开课紫龙防务观察军事分享官O美海底发现27万个毒桶严重污染海洋环境危害有多大收起全文d,05月05日 21:53
6013,LDMQ20200329,微成都如何看待日本福岛核废水排海LLDMQ20200329的微博视频,05月21日 08:15
3167,海峡之声,中国驻韩国大使邢海明接受韩国媒体采访就日本核污染水排海问题介绍中方立场5月11日韩国文化广播公司MBC新闻纪实节目PD手册播出对邢海明大使采访邢海明大使就日本核废水排海问题介绍了中方立场中国驻韩大使为韩媒体介绍中方对日核污染水问题立场中国驻韩大使介绍中方对日核污染水问题立场邢海明表示日本政府决定以海洋排放方式处置福岛核电站事故核废水引发国际社会高度关注福岛核废水处置问题事关国际海洋环境食品安全和人类健康多个国际权威机构多国专家明确指出福岛核废水排入海洋将对周边国家海洋环境和公众健康造成严重影响日方在没有穷尽安全处置手段的情况下不顾国内外质疑和反对未经与周边国家和国际社会充分协商单方面决定以排海方式处置福岛核废水这种做法自私自利极其不负责任目前多国政府众多国际组织和环保团体以及包括日本国民在内的各国民众均对此表示严重关切和强烈反对作为日本近邻和利益攸关方中方对此严重关切强烈敦促日方认清自身责任秉持科学态度履行国际义务对国际社会周边国家以及本国国民的严重关切作出应有回应我们注意到韩国政府和民众也对此高度关切并在国际上积极发出正义声音强调日本应向邻国提交充分的科学依据同邻国提前协商并共享信息保障利害攸关方专家参与国际原子能机构IAEA的验证过程中韩在此问题上立场高度一致双方保持良好沟通中方愿继续就此同韩方保持密切沟通协调并愿同国际社会和地区国家一道采取必要措施和行动共同应对这一国际挑战海洋是人类共同财产希望日本秉持对全人类负责对子孙后代负责的态度重新审视并收回错误决定自觉接受包括中韩在内的国际社会的实质参与和监督让福岛核废水处置问题完全在阳光下运行中国驻韩国大使馆收起全文d,05月12日 16:56
3232,妍妆,有核废水吗,05月12日 13:15
8638,丸子不完呀,东京饮用水致癌物严重超标心情复杂所以这和核辐射废水有关系吗,05月03日 22:43
2727,lofter小小,巨人离谱到让我笑出声但是不会后悔看过四季动漫带给我的感动和惊喜都是真实存在过的这结尾没喝十斤核废水写不出来我不可能认同毕竟自己开心最重要就是还是会难受曾经那么喜欢的作品最后竟然沦落到要被当成笑柄的地步谏人你赢了,05月11日 23:19
5974,Miss-Chaplin,日本的核废水到底排没排好想吃日料啊还能不能吃日料了减肥抑郁中,05月21日 14:06
6708,Despacitopig,排放核废水然后吃海鲜刺身,04月11日 18:04
7779,我在下个夏季等你,朝暮与共谢谢你但记得关私信核废水我先来两吨,05月02日 23:16
4518,淘宝5三哥在印度,替莫唑胺夏柠又道这些数量卖不了一千多万不过一颗十万块还是卖得出去的爱问医美超话肉毒素的前世今生肉毒素为肉毒杆菌产生的毒素属于神经毒素主要通过抑制神经末梢释放乙酰胆碱来防止肌肉过度收缩肉毒素广泛应用于神经内科眼科医学美容通过抑制肌肉过度收缩进行面部形态雕塑一什么是肉毒素它有毒吗肉毒毒素并非如其名称那么可怕肉毒毒素是一种生物制品可以通过基因工程的方法大规模生产由于它具有神经阻断作用在神经内科眼科整形美容外科十分常用二人们用肉毒杆菌毒素多久了人们通过注射肉毒素美容已经有20多年的历史1986年加拿大Carruther夫妇在用肉毒杆菌毒素治疗眼睑痉挛时意外的发现了其良好的除皱效果随后他们相继用肉毒素对额纹眉间纹鱼尾纹进行了治疗经过了一系列尝试效果都非常良好于1992年首先报导三肉毒素的适应范围抬头纹鱼尾纹颈纹眉间纹咬肌肥大露龈笑脱发腋下多汗症等四肉毒素是如何使用的一般每侧选择12个注射点注射注射后不必进行局部按摩和其它特殊处理一般正常的咀嚼运动即可使药液在肌肉组织内逐渐扩散五注射前后注意事项1女性月经期不宜注射肉毒素2注射后4小时内安静休息24小时内不要做剧烈运动3不要去按摩注射部位以免肉毒毒素扩散到其他部位4适用于早期皱纹年高者的严重皱纹虽也有效但效果较差5注射当天不要用化妆品注射时与医生配合尽量使皱纹展示清楚6注射后24小时左右禁食辛辣海鲜等刺激性食物尽量避免烟酒7注射后一周内禁止对局部进行热敷按摩桑拿及强脉冲光治疗8注射前两周内不要服用阿司匹林氨基糖苷类抗生素如庆大霉素卡那霉素等印度特瑞一颗十万块姐你疯啦日本核废水入海对中国有何影响收起全文d,05月15日 10:30
3251,_双鹤穿云过,谏山创是真的核废水喝多了啊,05月12日 12:35
6247,睡到_自然醒吖,冤有头债有主想排废水你排到美国呀你们排到海洋干嘛再说你们不是说核废水过滤后可以喝吗那你们一人一桶不就行了你们除了会搞反人类的罪行你们还会干嘛,04月11日 22:15
9505,小鱼鱼与咖啡,饭前记得用大核废水洗手,05月04日 17:14
1303,宇之华夏,阿瓦达啃番薯怪不得不反对日本倒核废水怕不是他们自己先倒了,05月07日 10:13
7143,讨厌所有讨厌的人,和马我很快就会回到你们身边恶心吐了不想你回来你回来干嘛来中国捞钱是因为日本没有粉丝是吧政治立场不明确的人不配在中国滚回你的东洋给老子喝核废水去吧,05月01日 20:42
7475,圈圈RAAT,核废水罐子恰好破了,05月01日 10:12
3070,友人生煎包,我对于这本书里的有些夸赞总是觉得很不屑起初是想大概是我在带着有色眼镜去读这本书也或者是我太无知终于读到这里又想起前些天的核废水事件真的觉得太讽刺太可笑了,05月12日 23:50
2320,erika_sakura,_________RsJaneMere风息神泪配合今天那条福岛核废物集装箱泄漏看所以到底为什么还会有人相信他们的数据冥王星1974同样因为钱的问题本来核事故废水可以用pe桶存80年再处理达标排放核电站周边空地有的是但要2亿美元政府就决定直排但同时可以一次次拔款修复因核事故,05月10日 23:04
1723,上什么港大,你不必在意所有事无论是核废水对我的影响还是我拉了特别难冲的屎算不算浪费水你不必在意所有人无论是你的生活多姿多彩的令我妒忌还是你比我还废物让我心安你不必总担忧未来无论是可否找到我喜欢的工作还是怎样才能认识两情相悦的姑娘你不必总烦恼社交无论是怎样才能把握朋友的度还是你的圈子我的圈子好像不一样你不必总压抑个性无论是面对问题不愿含蓄表达还是作为男性并不总愿意扛起重担你不必想写的咋样无论是每段话的字数是不是都一样还是表达的方式像不像流水账21岁时还想吃想睡想变成天上忽明忽暗的云22岁时想的都是烦恼是不是年龄带来的任务如果要给我的大作起一个名字的话那就叫他放屁是几年前能自拍成小白兔但是现在长成了末日铁拳的废物无限的烦恼酿成的废话2西安长安大学渭水校区收起全文d,05月08日 00:55
5053,蓼茸蒿笋0524,日本冲绳误将生理盐水当疫苗注射不喝两顿核废水干不出来,05月17日 18:14
3505,摩诃瞌睡失眠天,澎湃新闻核废水入海具国际通行证从日本与国际原子能机构的历史说起分享自澎湃新闻我读澎湃O核废水入海具国际通行证从日本与国际原子能机构的历史说起,05月13日 23:43
706,仙光凝,颜狗当仁不让我看他用手wave用几把走路用核废水当饲料也挺好笑的没见过比老舅看起来更像21三体综合症患者的人了,05月06日 15:27
9714,用户6733364051,腾讯新闻日本核废水要倒进大海韩国怒斥太不应该日媒你没资格反对O日本核废水要倒进大海韩国怒斥太不应该日媒你没资格反对L日本核废水要倒进大海韩国怒斥太不应该日媒你没资格反对来自腾讯新闻,04月10日 22:40
6355,白河柏舟,好茶贪香又恋花东邪影视组织二号头目恰这钱真是断子绝孙铜墙铁壁石头更缺德的是日本政府掏了二十亿日元来做宣传美化此次排放核废水行为大家可以看一下微博里有哪些大试图淡化这次事件那他绝对是恰烂钱了,04月11日 21:26
3614,丽丽-风暴烈口,我只是想分享一部好的艺术作品而且事实上日本确实是一个地震多发的国家奈何有些人闻着味儿就来了在下面评论道核废水排完了不点名是谁本人不留脑残直接咔嚓,05月13日 17:47
4564,午夜女孩拯救世界,日本为啥想要把核废水排到大海啊想和大家一起毁灭吗,05月15日 03:15
7245,水蜜桃和奶酪,没大义的国家孤烟暮蝉日本傻事你们要知道日本在8年前的2013还是用挖坑加三层防水布放核废水的会不会笑出眼泪啦然后结果被发现泄漏查看图片善良的囧囧神钢铁集装箱当初就应该灌铅密封的小日本作为发达国家这个钱都不舍得花宁愿害人害己,05月01日 16:04
4122,漠宏庵,据国内媒体5月13日报道东京电力公司称保存在福岛第一核电站内的核污水中有约两成的放射性氚浓度低于每升30万贝克勒尔这批低浓度核污水将优先排放日本不顾全球海洋环境遭到严重破坏的现实仍决定向大海排放核废水的行为完全暴露了日本政府极端自私毫无责任的丑陋嘴脸这不仅影响到人的身体健康而且是破坏海洋环境的一种犯罪行为收起全文d,05月14日 10:23
163,杭州网,美国海洋生物学家美国必须制止日本排放核废水计划O网页链接美国种族歧视层出不穷非裔男子遭老板奴役五年亚裔女子当街遭锤击O网页链接国际锐评丨被干涉主义反噬的美国仍执迷不悟O网页链接生逢盛世当不负盛世湾区新青年的快闪和背后的故事O生逢盛世当不负盛世湾区新青年的快闪和背后的故事湾区春意浓奋斗正当时O湾区春意浓奋斗正当时BBC记者街采中国疫苗接种情况被怼不好还能站在这里啊中国造疫苗OKOBBC记者街采中国疫苗接种情况被怼不好还能站在这里啊中国造疫苗OK收起全文d,05月05日 17:30
10199,摸鱼部打哈欠技术委员会主任,喝了福岛核废水后的变异日产蜘蛛侠,04月10日 15:15
1710,白桃羊仔,解锁了人生新体验omakase料理主厨好亲切的介绍了每一道菜的食材及食用方法应季的食材搭配多种调味口感丰富有层次天妇罗酱煮八爪鱼和星鳗寿司是我吃过的同类目最佳竹夹鱼黑目鲷吉拉多生蚝也都超好吃虽然不是成都最顶级的omakase入门级也依旧体验感满满日本核废水之后我想过很多次要不要戒掉我的这一爱好真的好难我好喜欢日料小羊的每月生活记录2成都鮨天和Omakase桐梓林店收起全文d,05月08日 02:20
3840,-鬼谷小鬼-,TaDaa_为什么张哲瀚粉籍这么拿不出手以至于你们天天跟穷鬼浪浪钉混一起啊是被兽欲男张哲瀚家暴怕了吗是被精__日男张哲瀚喂了核废水脑子不好了吗是被辱女男张哲瀚凌__辱地不敢放弃他了吗,05月13日 02:19
9382,SS第二帝国装甲师,最怕就是印度跟日本倒核废水的后尘加上美国佬教唆承担不起就干脆耍赖皮要全世界买单,05月04日 21:16
3890,恨酸巨人黑珍珠哼哼大肚子废气话,日本核废水中国有没有反日本排泄核废水的组织啊好像都没有看到有的话请大家艾特艾特我不想海洋生物承受人类的恶果,05月14日 22:04
7877,2038號候車厅,任豪没有人比R1SE更爱R1SE任桑还没回去处理核废水吗,05月02日 22:51
9745,英华0728,把日本首相扔核废水里7天不死再排日本政府基本决定将福岛核污水排入大海2长春旭阳家园一区,04月10日 22:09
1782,完美包子脸,湾湾和日本人在国内各种媒介上拼命刷好感玩心理他们是拿手的总能触及到我们内心最柔软的地方但他们这是真实友好的表现吗那你日本能不把核废水排入大海吗你湾湾能不当米国人的狗腿子了吗答案显然是不能那他们此番表示意欲何为收买人心怀柔政策和平演变从内部颠覆我国政权我们国内做事方法略有硬核在人心理把握上确实有点缺失容易被人钻空子所以警惕吧敌人亡我之心不死只是换了个包装收起全文d,05月09日 17:06
5659,橡果子szl,渣浪是日浪吗本子开的一早上好几个日本人的热搜担心日本排放核废水后缺钱,05月19日 07:55
9088,库爱瀚瀚,40岁追星老阿姨你怕是个东西吧不然能生出你这样和一样的物种你是不是核废水喝多了生出你这样一个变异的废物辣鸡你爸不会是只猴子吧怪不得你都没有,05月03日 15:07
681,静心斋的666,不美了日本的核废水已经给地球大海涂鸦了,05月06日 16:23
4235,yozuru198607,刘宇把宠物狗叫做卡子哥艾回台独二鬼子快回去喝核废水,05月14日 01:19
258,身后一群猥琐狗,等日本排核废水你们继续吃莱模莱模,05月05日 13:42
4406,河南共青团,典型西方转移视线的小丑伎俩近期美国科学杂志英国每日邮报等相继报道了有关切尔诺贝利核电站内或发生核裂变的消息日本政府正式决定福岛核废水排海的事就这么不了了之了L河南共青团的微博视频,05月15日 17:16
628,Sun落日set,乃万给心爱的男孩一些宽容和理解希望一些公众人物在输出自己的观点前多读点书前有任豪处理核废水后有乃万女人要理解男人并且自强不得不说你圈出人才牛,05月06日 18:01
7925,宅在迦勒底的咕咕哒子,任豪没有人比R1SE更爱R1SE任太郎因为竞选日本首相和争喝核废水风头已经盖过了法制咖周震南一在热搜上出现就直冲第一加油任桑,05月02日 22:41
2054,你不知道蛋烘糕有多好吃,天生神丽在黑木崖养狗乌合麒麟nsdd乌合麒麟任何世界性质的环保机构只要是对日本核废水不闻不问却跑来指责中国环保问题的都是打压中国的政治工具当放屁就行,05月09日 12:02
9323,華诚文学,日本鬼子倭人狗拿美大碗喝核废水这疯狂起连自己都害自作孽不可活,05月04日 22:59
7537,每日军视,中国不计前嫌伸出援手印度不领情还要伙同日本搞事情根据央视网报道中国驻斯里兰卡大使馆发布官方声明基于印度疫情恶化中国与印方保持联系眼下有800台制氧机已经抵达印度德里一周内还会有一万台支援随后大量印度网友在下方评论感谢中国但耐人寻味的是印度政府方面却没有任何反应印度香料航空CEO辛格表示未来还会有上万台制氧机从各方运来但只字不提中国的援助很显然人家根本没有领中国的这份情印度现阶段的疫情局面要知道眼下印度疫情已然失控多个地区医院病房病床供不应求医疗物资严重紧缺尤其是氧气资源在出现因缺氧致死的案例后印度病患和家属们纷纷开始不安频繁给政府施压要求莫迪出面解决这个危机迫于舆论压力莫迪在讲话中提到政府会尽力保证各地的氧气供应让大家不必过于惊慌可惜话说得漂亮就是看不到实际行动各个医院的氧气危机依然没有好转接着印度媒体发布了一则报道声称是援引官方消息表示中国不在印度寻求进口氧气的范围内消息一出网友们炸了锅虽然不知道消息是否属实但莫迪政府并不曾出面澄清专家分析在求助中国的事宜中莫迪明显是犹豫的印度网友留言痛斥政府这样下去难道是想看到单日新增病例突破50万吗曾有一个印度男子当众对议员埋怨医院方面承诺会在短期内获得充足的氧气资源但几天过去了大家依然没有等到医院为什么不早点承认自己办不到面对群众提出的问题印度议员并没有直接回复而是以威胁的形势告知对方不要再说下去称如果继续这样说会给对方一个巴掌印度政府忽略了中国好意过去印度作为美国的小弟国家曾做出不利于我国的举措但在疫情面前我国选择了不计前嫌并伸出援手我国外交部不止一次表态愿意对日本提供帮助但就是得不到印度的回复印度富豪莫迪不肯低头我们自己去莫迪政府的无动于衷让大批印度民众感到愤怒后来有一批企业权贵组织了氧气使命的活动他们表示既然政府不肯接受中国的帮助那他们自己出手项目负责人表示他们计划从中国采购500台制氧机后期或将再追加500台为了获得求助渠道项目人员在推特上发布动态希望网友能够为其提供渠道动态刚发布就得到了中国网友的热情回应当晚氧气使命计划负责人再次发文称已经获得数十条渠道线索感谢中国网友的帮助眼看印度民众亲自上阵寻求中方支援我国当然不愿再等下去了直接将800台制氧机送至德里对方无情但我国作为世界大国看着印度人民受难不能坐视不理印日计划联手对付中方就在我国送去物资支援后印度的一波操作着实让我国感到心寒不但不领情还要伙同日本搞事情日本首相菅义伟和莫迪进行通话交谈前者称对中国海域挑衅行为尤为关注然后两位领导人就5G抗疫等事宜达成合作意向日本政府多次公开谈及涉华议题外界分析菅义伟此举是试图转移国际对日本疫情福岛核废水的注意力眼看中国对印度伸出援手担心莫迪会心软不忘在背后添油加醋不得不说日本政府的心也够大了福岛核废水的决定已经引起全球的不满该国的疫情也是一团糟菅义伟居然还有心思关注中方面对日印搞事情的行为我国外交部不止一次提醒对方不要在涉华问题上误导大众对周边海域也不要有非分之想关于印度疫情中国的态度就是支持印度人民抗疫但如果日本和印度联手挑战底线我方不会纵容日本印度联手闹事不代表他们的关系真的到了牢靠的地步根据人民日报报道因印度疫情恶化日本政府已经将印度定义为疫情流行国家并加强了印度人入境管制力度原因是在日本境内出现了21例来自印度的变异病毒感染者机场检测出20例1例在国内出现可见在疫情面前印度和日本友谊显得不堪一击政治联手不过是想给我方施压达到他们各自的私欲中国在这场抗疫战中应该是干得最漂亮的国家按照印度现状他们如果能够得到我国的支援不但可以缓解氧气供应不足的问题对未来的抗疫也有积极作用莫迪愿意接受对于他个人的政治生涯也有好处一旦他在抗疫领域造福大众支持率肯定会有所提升如今就看他个人是否有这个悔悟了军事新闻收起全文d,05月01日 08:17
4051,和风徐叙,今天单位好友同事在她朋友圈发了读者标题党文章15亿人感染300万人死亡世界停摆一年他们却肆意狂欢的文章一读才知道说的就是陶渊明诗词描述的情景孟夏草木长绕屋树扶疏众鸟欣有托文章也批判了日本即将倾倒核废水的恶行石走令鱼2021,05月14日 12:45
5090,逃离繁华的城市,日本人心疼哥哥的方式日本鬼子核废水,05月17日 17:02
7433,我是字母D_丹,懂了不喜欢就要被开除国籍就是二鬼子就要喝核废水谁给我250,05月01日 10:47
2448,艾丽丝的仙镜,美国不如查一下自己美军研究基地往海洋里倒了多少有毒物质还有小日本倒了多少核废水答案不就摆在那儿嘛再查一下德特里克堡新冠病毒的溯源也会被解开了跟新浪看热点O网页链接,05月10日 15:57
3218,睡觉的偏旁,还是忍不住想骂jsc真的是喝核废水喝出精神分裂的军国主义孽畜我为曾经真情实感狂热安利巨人给朋友们诚挚道歉,05月12日 13:42
4,用户7582634678,发布了头条文章唐盈APP财富增长分享会王宗合机构通道被骗不能出金被骗日本政府正式决定福岛核废水排海O唐盈APP财富增长分享会王宗合机构通道被骗不能出金被骗,05月05日 23:45
7566,爱情丶呵呵哒,食管癌张春僵硬地又张开嘴仙子她她显灵赐我她卡博替尼xl184达可替尼片多泽润DacomitinibTablets布加替尼Briganix乐卫玛甲磺酸仑伐替尼胶囊Lenvatinib卡博替尼xl184多吉美甲苯磺酸索拉非尼片阿昔替尼片阿西替尼片axitinib英立达盐酸帕唑帕尼维权特盐,05月01日 05:11
9813,环球新视界,日本确定把核废水排入大海给中国造成巨量伤害赵立坚亮明态度首阅新闻20210410据环球时报报道日本已经决定将福岛第一核电站的核污水排入大海消息一出舆论瞬间炸锅他们认为日方的行为将遭致国际社会的强烈反对虽然福岛核事故已经过去了10年但是核污水处理问题却一直未得到解决早在去年日本政府就希望将核污水排入大海但是由于多方强烈反对该计划最终未能实施日媒分析称日本政府之所以决定将核污水排出是因为核电站内的储存核污水的储存罐容量即将达到上限据悉东京电力公司现在每天新增140吨处理水到明年9月将达到储存罐的上限137万吨那么问题来了日本有没有能力将这些具有放射性的废水进行无害化处理吗如果将核污水排入海洋不仅影响周围的渔民还会影响到全球鱼类的迁徙以及人类的健康中国离日本非常近将巨量核污水排出势必会对包括中国在内的邻国造成非常大的负面影响可以说这是一个国际性的问题事实上以目前的技术来看日本很难将核污水进行无害化处理早在2018年科学家就在处理后的污水中发现了包括碳14钴60和锶90等放射性元素它们不容易降解很容易被海洋生物吸收对人类也有潜在的毒性而且碳14还有可能损害人类DNA此前权威机构推算如果日本将核污水排入大海只需要三年的时间就会扩散至欧洲扩散至邻国的时间就更短了由此可见日本政府的这一决定是准备让全世界为其买单事实上自福岛核事故发生后周边的鱼类都检测出了放射性元素当时韩国已经停止进口相关海产品据此前的报道受污染的海域内的生物已经出现了不同程度的变异绿色和平组织高级核专家肖恩伯尼表示废水中的巨量碳14及其它放射性元素在千年内都是危险的而且会造成基因损害这是必须放弃将核污水排入海洋的原因事实上放射性元素可能导致相关的癌变从核事故周围的人群患癌比例就能看出来而核废水排入海洋后会彻底进入自然这些放射性元素会从海产品中循环到人类身上对于日本政府的决定中国外交部发言人赵立坚表示日本政府应当秉持对本国国民周边国家以及国际社会高度负责任的态度深入评估福岛核电站含氚废水处理方案可能带来的影响主动及时地以严格准确公开透明的方式披露信息在与周边国家充分协商的基础上慎重决策收起全文d,04月10日 20:49
9907,风铃空语,你来负责把福岛核废水和整个太平洋的海水搅匀地瓜_N号简单按网上查询到的数据做了个计算福岛核废水137万吨体积约合13立方公里太平洋海水估算70710万立方公里核废水按含1放射性物质计算混合均匀后太平洋中放射性物质增加131011作为参考香蕉中放射性钾的含量大约是25105,04月10日 19:27
1141,我家小号萌萌哒,damibeijing环保少女小公主呢鲁艺兵美国支持日本往海洋倒核污染废水原来他们早就做过了,05月07日 16:59
3631,阿姆斯特川,不是号称世界上最严谨的国家嘛不是排核废水就是骚操作,05月13日 16:54
6878,find-sth,想想日本将核废水排到太平洋,04月19日 23:58
4698,淘宝5三哥在印度,多吉美夏沂南就这Cobimetinib考比替尼罗氏原研土耳其版本黑色素瘤适用于BRAFV600E或V600K突变患者的不可切除或转移性黑色素瘤与vemurafenib佐博伏维莫非尼联合使用黑色素瘤在每个28天周期的前21天中60mg口服每天1次直至疾病进展或不可接受的毒性维莫非尼Vemurafenib在每28天周期的第128天960mg口服每天2次印度特瑞嗯祛秽丹对已经引气入体的修仙者用途不大因为只要你引气成功体内运转灵气会自动帮你排出体内堆积的毒素修复你的身体部分损伤但如果想改变基因缺陷还需要继续修炼到更高的境界日本核废水入海对中国有何影响收起全文d,05月16日 16:25
4125,批判性色魔,日本福岛县近海海域60级地震日本哎呀斯密马赛我们福岛储存核废水的储存罐在本次60级特大地震中发声罐体粉碎爆裂无奈之下只能提前实行核废水排海计划我们表示十分抱歉鞠躬,05月14日 10:18
3816,fujini的日常,没想到9年前的梦境就快会实现我的梦日本政府正式决定福岛核废水排海,05月13日 08:07
9537,派二23333,草泥马有事粉丝行为上升正主先不说是不是真粉丝就算是真的捏妈跟正主有你吗关系还不能澄清一下了一口一个二鬼子老子给你喂一吨核废水要吗哦不用毕竟我看你脑子里已经都是LAJI了下次你家粉丝出事老子第一个来骂,05月04日 15:52
5778,霍格沃茨华东大区招生办,蕨代霜蛟没错完全一样的道理啊理论上可以做到无害不等于实际操作就能做到无害将来核废水装不下去的时候肯定会排届时不应该相信日本政府的理论验证而是国际社会必须一起严加管控每一批确认没问题之后再排说到底监管才是实践效果的保证于秋雨核废水疫苗等同理,05月20日 16:01
7637,_迷路的小兔子,看热搜真的感受到了世界的参差知名塌房团居然还有这么多zqsg洗的看得让人怀疑是不是都在日本喝多了核废水真就是傻子太多骗子不够用了怪不得现在什么二代都喜欢进娱乐圈,05月02日 23:54
